warning[license-exception-not-encountered]: license exception was not encountered
   ┌─ /mnt/c/Users/wasil/Documents/GitHub/rustytransfer/deny.toml:62:10
   │
62 │ crate = "rustytransfer-wasm"
   │          ━━━━━━━━━━━━━━━━━━ unmatched license exception

warning[license-exception-not-encountered]: license exception was not encountered
   ┌─ /mnt/c/Users/wasil/Documents/GitHub/rustytransfer/deny.toml:66:10
   │
66 │ crate = "rustytransfer-firefox-host"
   │          ━━━━━━━━━━━━━━━━━━━━━━━━━━ unmatched license exception

warning[license-not-encountered]: license was not encountered
   ┌─ /mnt/c/Users/wasil/Documents/GitHub/rustytransfer/deny.toml:19:6
   │
19 │     "0BSD",
   │      ━━━━ unmatched license allowance

warning[license-not-encountered]: license was not encountered
   ┌─ /mnt/c/Users/wasil/Documents/GitHub/rustytransfer/deny.toml:26:6
   │
26 │     "CDDL-1.0",
   │      ━━━━━━━━ unmatched license allowance

warning[license-not-encountered]: license was not encountered
   ┌─ /mnt/c/Users/wasil/Documents/GitHub/rustytransfer/deny.toml:27:6
   │
27 │     "CDDL-1.1",
   │      ━━━━━━━━ unmatched license allowance

warning[license-not-encountered]: license was not encountered
   ┌─ /mnt/c/Users/wasil/Documents/GitHub/rustytransfer/deny.toml:31:6
   │
31 │     "MPL-2.0",
   │      ━━━━━━━ unmatched license allowance

warning[license-not-encountered]: license was not encountered
   ┌─ /mnt/c/Users/wasil/Documents/GitHub/rustytransfer/deny.toml:32:6
   │
32 │     "OpenSSL",
   │      ━━━━━━━ unmatched license allowance

warning[duplicate]: found 2 duplicate entries for crate 'asn1-rs'
   ┌─ /mnt/c/Users/wasil/Documents/GitHub/rustytransfer/Cargo.lock:14:1
   │  
14 │ ╭ asn1-rs 0.6.2 registry+https://github.com/rust-lang/crates.io-index
15 │ │ asn1-rs 0.7.2 registry+https://github.com/rust-lang/crates.io-index
   │ ╰───────────────────────────────────────────────────────────────────┘ lock entries
   │  
   ├ asn1-rs v0.6.2
     ├── der-parser v9.0.0
     │   ├── rtc-dtls v0.21.0
     │   │   └── rtc v0.21.0
     │   │       └── webrtc v0.21.0
     │   │           ├── (dev) rustytransfer v0.1.0
     │   │           └── rustytransfer-native v0.1.0
     │   │               └── rustytransfer v0.1.0 (*)
     │   └── x509-parser v0.16.0
     │       ├── rtc v0.21.0 (*)
     │       └── rtc-dtls v0.21.0 (*)
     ├── oid-registry v0.7.1
     │   └── x509-parser v0.16.0 (*)
     └── x509-parser v0.16.0 (*)
   ├ asn1-rs v0.7.2
     ├── der-parser v10.0.0
     │   └── x509-parser v0.18.1
     │       ├── rcgen v0.14.10
     │       │   ├── iroh-relay v1.2.0
     │       │   │   └── iroh v1.2.0
     │       │   │       ├── (dev) rustytransfer v0.1.0
     │       │   │       └── rustytransfer-native v0.1.0
     │       │   │           └── rustytransfer v0.1.0 (*)
     │       │   ├── rtc v0.21.0
     │       │   │   └── webrtc v0.21.0
     │       │   │       ├── (dev) rustytransfer v0.1.0 (*)
     │       │   │       └── rustytransfer-native v0.1.0 (*)
     │       │   ├── rtc-dtls v0.21.0
     │       │   │   └── rtc v0.21.0 (*)
     │       │   └── tokio-rustls-acme v0.9.1
     │       │       └── iroh-relay v1.2.0 (*)
     │       └── tokio-rustls-acme v0.9.1 (*)
     ├── oid-registry v0.8.1
     │   └── x509-parser v0.18.1 (*)
     └── x509-parser v0.18.1 (*)

warning[duplicate]: found 2 duplicate entries for crate 'asn1-rs-derive'
   ┌─ /mnt/c/Users/wasil/Documents/GitHub/rustytransfer/Cargo.lock:16:1
   │  
16 │ ╭ asn1-rs-derive 0.5.1 registry+https://github.com/rust-lang/crates.io-index
17 │ │ asn1-rs-derive 0.6.0 registry+https://github.com/rust-lang/crates.io-index
   │ ╰──────────────────────────────────────────────────────────────────────────┘ lock entries
   │  
   ├ asn1-rs-derive v0.5.1
     └── asn1-rs v0.6.2
         ├── der-parser v9.0.0
         │   ├── rtc-dtls v0.21.0
         │   │   └── rtc v0.21.0
         │   │       └── webrtc v0.21.0
         │   │           ├── (dev) rustytransfer v0.1.0
         │   │           └── rustytransfer-native v0.1.0
         │   │               └── rustytransfer v0.1.0 (*)
         │   └── x509-parser v0.16.0
         │       ├── rtc v0.21.0 (*)
         │       └── rtc-dtls v0.21.0 (*)
         ├── oid-registry v0.7.1
         │   └── x509-parser v0.16.0 (*)
         └── x509-parser v0.16.0 (*)
   ├ asn1-rs-derive v0.6.0
     └── asn1-rs v0.7.2
         ├── der-parser v10.0.0
         │   └── x509-parser v0.18.1
         │       ├── rcgen v0.14.10
         │       │   ├── iroh-relay v1.2.0
         │       │   │   └── iroh v1.2.0
         │       │   │       ├── (dev) rustytransfer v0.1.0
         │       │   │       └── rustytransfer-native v0.1.0
         │       │   │           └── rustytransfer v0.1.0 (*)
         │       │   ├── rtc v0.21.0
         │       │   │   └── webrtc v0.21.0
         │       │   │       ├── (dev) rustytransfer v0.1.0 (*)
         │       │   │       └── rustytransfer-native v0.1.0 (*)
         │       │   ├── rtc-dtls v0.21.0
         │       │   │   └── rtc v0.21.0 (*)
         │       │   └── tokio-rustls-acme v0.9.1
         │       │       └── iroh-relay v1.2.0 (*)
         │       └── tokio-rustls-acme v0.9.1 (*)
         ├── oid-registry v0.8.1
         │   └── x509-parser v0.18.1 (*)
         └── x509-parser v0.18.1 (*)

warning[duplicate]: found 2 duplicate entries for crate 'base64'
   ┌─ /mnt/c/Users/wasil/Documents/GitHub/rustytransfer/Cargo.lock:29:1
   │  
29 │ ╭ base64 0.22.1 registry+https://github.com/rust-lang/crates.io-index
30 │ │ base64 0.23.1 registry+https://github.com/rust-lang/crates.io-index
   │ ╰───────────────────────────────────────────────────────────────────┘ lock entries
   │  
   ├ base64 v0.22.1
     ├── hyper-util v0.1.19
     │   ├── axum v0.8.9
     │   │   └── iroh v1.2.0
     │   │       ├── (dev) rustytransfer v0.1.0
     │   │       └── rustytransfer-native v0.1.0
     │   │           └── rustytransfer v0.1.0 (*)
     │   ├── hyper-rustls v0.27.7
     │   │   └── reqwest v0.13.5
     │   │       ├── iroh v1.2.0 (*)
     │   │       ├── iroh-metrics v1.0.1
     │   │       │   ├── iroh v1.2.0 (*)
     │   │       │   └── iroh-relay v1.2.0
     │   │       │       └── iroh v1.2.0 (*)
     │   │       ├── iroh-relay v1.2.0 (*)
     │   │       ├── n0-dns-resolver v0.1.0
     │   │       │   └── iroh-dns v1.3.0
     │   │       │       ├── iroh v1.2.0 (*)
     │   │       │       └── iroh-relay v1.2.0 (*)
     │   │       └── tokio-rustls-acme v0.9.1
     │   │           └── iroh-relay v1.2.0 (*)
     │   ├── hyper-tls v0.6.0
     │   │   └── reqwest v0.12.25
     │   │       └── rustytransfer-native v0.1.0 (*)
     │   ├── iroh-metrics v1.0.1 (*)
     │   ├── iroh-relay v1.2.0 (*)
     │   ├── reqwest v0.12.25 (*)
     │   └── reqwest v0.13.5 (*)
     ├── pem v3.0.6
     │   ├── rtc v0.21.0
     │   │   └── webrtc v0.21.0
     │   │       ├── (dev) rustytransfer v0.1.0 (*)
     │   │       └── rustytransfer-native v0.1.0 (*)
     │   ├── rtc-dtls v0.21.0
     │   │   └── rtc v0.21.0 (*)
     │   └── tokio-rustls-acme v0.9.1 (*)
     ├── reqwest v0.12.25 (*)
     ├── rtc-stun v0.21.0
     │   ├── rtc v0.21.0 (*)
     │   ├── rtc-ice v0.21.0
     │   │   └── rtc v0.21.0 (*)
     │   └── rtc-turn v0.21.0
     │       └── rtc v0.21.0 (*)
     ├── tokio-rustls-acme v0.9.1 (*)
     └── tokio-websockets v0.13.3
         └── iroh-relay v1.2.0 (*)
   ├ base64 v0.23.1
     ├── pem v4.0.0
     │   └── rcgen v0.14.10
     │       ├── iroh-relay v1.2.0
     │       │   └── iroh v1.2.0
     │       │       ├── (dev) rustytransfer v0.1.0
     │       │       └── rustytransfer-native v0.1.0
     │       │           └── rustytransfer v0.1.0 (*)
     │       ├── rtc v0.21.0
     │       │   └── webrtc v0.21.0
     │       │       ├── (dev) rustytransfer v0.1.0 (*)
     │       │       └── rustytransfer-native v0.1.0 (*)
     │       ├── rtc-dtls v0.21.0
     │       │   └── rtc v0.21.0 (*)
     │       └── tokio-rustls-acme v0.9.1
     │           └── iroh-relay v1.2.0 (*)
     ├── plist v1.10.1
     │   ├── netdev v0.45.1
     │   │   └── netwatch v0.19.3
     │   │       └── iroh v1.2.0 (*)
     │   └── netdev v0.46.3
     │       └── netwatch v0.19.3 (*)
     └── reqwest v0.13.5
         ├── iroh v1.2.0 (*)
         ├── iroh-metrics v1.0.1
         │   ├── iroh v1.2.0 (*)
         │   └── iroh-relay v1.2.0 (*)
         ├── iroh-relay v1.2.0 (*)
         ├── n0-dns-resolver v0.1.0
         │   └── iroh-dns v1.3.0
         │       ├── iroh v1.2.0 (*)
         │       └── iroh-relay v1.2.0 (*)
         └── tokio-rustls-acme v0.9.1 (*)

warning[duplicate]: found 2 duplicate entries for crate 'bitflags'
   ┌─ /mnt/c/Users/wasil/Documents/GitHub/rustytransfer/Cargo.lock:32:1
   │  
32 │ ╭ bitflags 1.3.2 registry+https://github.com/rust-lang/crates.io-index
33 │ │ bitflags 2.13.2 registry+https://github.com/rust-lang/crates.io-index
   │ ╰─────────────────────────────────────────────────────────────────────┘ lock entries
   │  
   ├ bitflags v1.3.2
     └── rtc-shared v0.21.0
         ├── rtc v0.21.0
         │   └── webrtc v0.21.0
         │       ├── (dev) rustytransfer v0.1.0
         │       └── rustytransfer-native v0.1.0
         │           └── rustytransfer v0.1.0 (*)
         ├── rtc-datachannel v0.21.0
         │   └── rtc v0.21.0 (*)
         ├── rtc-dtls v0.21.0
         │   └── rtc v0.21.0 (*)
         ├── rtc-ice v0.21.0
         │   └── rtc v0.21.0 (*)
         ├── rtc-interceptor v0.21.0
         │   └── rtc v0.21.0 (*)
         ├── rtc-mdns v0.21.0
         │   ├── rtc v0.21.0 (*)
         │   └── rtc-ice v0.21.0 (*)
         ├── rtc-media v0.21.0
         │   └── rtc v0.21.0 (*)
         ├── rtc-rtcp v0.21.0
         │   ├── rtc v0.21.0 (*)
         │   ├── rtc-interceptor v0.21.0 (*)
         │   └── rtc-srtp v0.21.0
         │       └── rtc v0.21.0 (*)
         ├── rtc-rtp v0.21.0
         │   ├── rtc v0.21.0 (*)
         │   ├── rtc-interceptor v0.21.0 (*)
         │   ├── rtc-media v0.21.0 (*)
         │   └── rtc-srtp v0.21.0 (*)
         ├── rtc-sctp v0.21.0
         │   ├── rtc v0.21.0 (*)
         │   └── rtc-datachannel v0.21.0 (*)
         ├── rtc-sdp v0.21.0
         │   └── rtc v0.21.0 (*)
         ├── rtc-srtp v0.21.0 (*)
         ├── rtc-stun v0.21.0
         │   ├── rtc v0.21.0 (*)
         │   ├── rtc-ice v0.21.0 (*)
         │   └── rtc-turn v0.21.0
         │       └── rtc v0.21.0 (*)
         └── rtc-turn v0.21.0 (*)
   ├ bitflags v2.13.2
     ├── crossterm v0.28.1
     │   ├── ratatui v0.29.0
     │   │   ├── ratatui-explorer v0.2.1
     │   │   │   └── rustytransfer v0.1.0
     │   │   └── rustytransfer v0.1.0 (*)
     │   └── rustytransfer v0.1.0 (*)
     ├── dispatch2 v0.3.1
     │   ├── netdev v0.45.1
     │   │   └── netwatch v0.19.3
     │   │       └── iroh v1.2.0
     │   │           ├── (dev) rustytransfer v0.1.0 (*)
     │   │           └── rustytransfer-native v0.1.0
     │   │               └── rustytransfer v0.1.0 (*)
     │   ├── netdev v0.46.3
     │   │   └── netwatch v0.19.3 (*)
     │   ├── objc2-core-foundation v0.3.2
     │   │   ├── netdev v0.45.1 (*)
     │   │   ├── netdev v0.46.3 (*)
     │   │   ├── netwatch v0.19.3 (*)
     │   │   ├── objc2-core-wlan v0.3.2
     │   │   │   └── netdev v0.45.1 (*)
     │   │   ├── objc2-foundation v0.3.2
     │   │   │   ├── netdev v0.45.1 (*)
     │   │   │   ├── objc2-core-wlan v0.3.2 (*)
     │   │   │   └── objc2-security-foundation v0.3.2
     │   │   │       └── objc2-core-wlan v0.3.2 (*)
     │   │   ├── objc2-security v0.3.2
     │   │   │   ├── objc2-core-wlan v0.3.2 (*)
     │   │   │   └── objc2-system-configuration v0.3.2
     │   │   │       ├── netdev v0.45.1 (*)
     │   │   │       ├── netdev v0.46.3 (*)
     │   │   │       └── netwatch v0.19.3 (*)
     │   │   └── objc2-system-configuration v0.3.2 (*)
     │   └── objc2-system-configuration v0.3.2 (*)
     ├── netlink-packet-route v0.31.0
     │   ├── netdev v0.45.1 (*)
     │   └── netwatch v0.19.3 (*)
     ├── netlink-packet-route v0.33.0
     │   └── netdev v0.46.3 (*)
     ├── nix v0.31.3
     │   └── rtc-shared v0.21.0
     │       ├── rtc v0.21.0
     │       │   └── webrtc v0.21.0
     │       │       ├── (dev) rustytransfer v0.1.0 (*)
     │       │       └── rustytransfer-native v0.1.0 (*)
     │       ├── rtc-datachannel v0.21.0
     │       │   └── rtc v0.21.0 (*)
     │       ├── rtc-dtls v0.21.0
     │       │   └── rtc v0.21.0 (*)
     │       ├── rtc-ice v0.21.0
     │       │   └── rtc v0.21.0 (*)
     │       ├── rtc-interceptor v0.21.0
     │       │   └── rtc v0.21.0 (*)
     │       ├── rtc-mdns v0.21.0
     │       │   ├── rtc v0.21.0 (*)
     │       │   └── rtc-ice v0.21.0 (*)
     │       ├── rtc-media v0.21.0
     │       │   └── rtc v0.21.0 (*)
     │       ├── rtc-rtcp v0.21.0
     │       │   ├── rtc v0.21.0 (*)
     │       │   ├── rtc-interceptor v0.21.0 (*)
     │       │   └── rtc-srtp v0.21.0
     │       │       └── rtc v0.21.0 (*)
     │       ├── rtc-rtp v0.21.0
     │       │   ├── rtc v0.21.0 (*)
     │       │   ├── rtc-interceptor v0.21.0 (*)
     │       │   ├── rtc-media v0.21.0 (*)
     │       │   └── rtc-srtp v0.21.0 (*)
     │       ├── rtc-sctp v0.21.0
     │       │   ├── rtc v0.21.0 (*)
     │       │   └── rtc-datachannel v0.21.0 (*)
     │       ├── rtc-sdp v0.21.0
     │       │   └── rtc v0.21.0 (*)
     │       ├── rtc-srtp v0.21.0 (*)
     │       ├── rtc-stun v0.21.0
     │       │   ├── rtc v0.21.0 (*)
     │       │   ├── rtc-ice v0.21.0 (*)
     │       │   └── rtc-turn v0.21.0
     │       │       └── rtc v0.21.0 (*)
     │       └── rtc-turn v0.21.0 (*)
     ├── objc2-core-foundation v0.3.2 (*)
     ├── objc2-core-wlan v0.3.2 (*)
     ├── objc2-foundation v0.3.2 (*)
     ├── objc2-security v0.3.2 (*)
     ├── objc2-system-configuration v0.3.2 (*)
     ├── openssl v0.10.81
     │   └── native-tls v0.2.14
     │       ├── hyper-tls v0.6.0
     │       │   └── reqwest v0.12.25
     │       │       └── rustytransfer-native v0.1.0 (*)
     │       ├── reqwest v0.12.25 (*)
     │       └── tokio-native-tls v0.3.1
     │           ├── hyper-tls v0.6.0 (*)
     │           └── reqwest v0.12.25 (*)
     ├── ratatui v0.29.0 (*)
     ├── redox_syscall v0.5.18
     │   └── parking_lot_core v0.9.12
     │       ├── dashmap v6.1.0
     │       │   └── iroh-relay v1.2.0
     │       │       └── iroh v1.2.0 (*)
     │       └── parking_lot v0.12.5
     │           └── crossterm v0.28.1 (*)
     ├── rustix v0.38.44
     │   └── crossterm v0.28.1 (*)
     ├── rustix v1.1.2
     │   └── tempfile v3.23.0
     │       └── native-tls v0.2.14 (*)
     ├── security-framework v2.11.1
     │   └── native-tls v0.2.14 (*)
     ├── security-framework v3.5.1
     │   ├── rustls-native-certs v0.8.4
     │   │   └── rustls-platform-verifier v0.7.0
     │   │       ├── iroh-metrics v1.0.1
     │   │       │   ├── iroh v1.2.0 (*)
     │   │       │   └── iroh-relay v1.2.0 (*)
     │   │       ├── noq-proto v1.3.0
     │   │       │   ├── iroh v1.2.0 (*)
     │   │       │   ├── iroh-relay v1.2.0 (*)
     │   │       │   └── noq v1.3.0
     │   │       │       ├── iroh v1.2.0 (*)
     │   │       │       └── iroh-relay v1.2.0 (*)
     │   │       └── reqwest v0.13.5
     │   │           ├── iroh v1.2.0 (*)
     │   │           ├── iroh-metrics v1.0.1 (*)
     │   │           ├── iroh-relay v1.2.0 (*)
     │   │           ├── n0-dns-resolver v0.1.0
     │   │           │   └── iroh-dns v1.3.0
     │   │           │       ├── iroh v1.2.0 (*)
     │   │           │       └── iroh-relay v1.2.0 (*)
     │   │           └── tokio-rustls-acme v0.9.1
     │   │               └── iroh-relay v1.2.0 (*)
     │   └── rustls-platform-verifier v0.7.0 (*)
     ├── simple-dns v0.12.0
     │   ├── iroh v1.2.0 (*)
     │   ├── iroh-dns v1.3.0 (*)
     │   └── n0-dns-resolver v0.1.0 (*)
     ├── system-configuration v0.6.1
     │   └── hyper-util v0.1.19
     │       ├── axum v0.8.9
     │       │   └── iroh v1.2.0 (*)
     │       ├── hyper-rustls v0.27.7
     │       │   └── reqwest v0.13.5 (*)
     │       ├── hyper-tls v0.6.0 (*)
     │       ├── iroh-metrics v1.0.1 (*)
     │       ├── iroh-relay v1.2.0 (*)
     │       ├── reqwest v0.12.25 (*)
     │       └── reqwest v0.13.5 (*)
     ├── system-configuration v0.8.0
     │   └── n0-dns-resolver v0.1.0 (*)
     └── tower-http v0.6.8
         ├── reqwest v0.12.25 (*)
         └── reqwest v0.13.5 (*)

warning[duplicate]: found 2 duplicate entries for crate 'block-buffer'
   ┌─ /mnt/c/Users/wasil/Documents/GitHub/rustytransfer/Cargo.lock:35:1
   │  
35 │ ╭ block-buffer 0.10.4 registry+https://github.com/rust-lang/crates.io-index
36 │ │ block-buffer 0.12.1 registry+https://github.com/rust-lang/crates.io-index
   │ ╰─────────────────────────────────────────────────────────────────────────┘ lock entries
   │  
   ├ block-buffer v0.10.4
     └── digest v0.10.7
         ├── hmac v0.12.1
         │   ├── hkdf v0.12.4
         │   │   └── spake2 v0.4.0
         │   │       └── rustytransfer-crypto v0.1.0
         │   │           ├── rustytransfer v0.1.0
         │   │           └── rustytransfer-protocol v0.1.0
         │   │               ├── rustytransfer v0.1.0 (*)
         │   │               ├── rustytransfer-native v0.1.0
         │   │               │   └── rustytransfer v0.1.0 (*)
         │   │               └── rustytransfer-transfer v0.1.0
         │   │                   ├── rustytransfer v0.1.0 (*)
         │   │                   └── rustytransfer-native v0.1.0 (*)
         │   ├── rtc-crypto v0.21.0
         │   │   ├── rtc v0.21.0
         │   │   │   └── webrtc v0.21.0
         │   │   │       ├── (dev) rustytransfer v0.1.0 (*)
         │   │   │       └── rustytransfer-native v0.1.0 (*)
         │   │   ├── rtc-dtls v0.21.0
         │   │   │   └── rtc v0.21.0 (*)
         │   │   ├── rtc-ice v0.21.0
         │   │   │   └── rtc v0.21.0 (*)
         │   │   ├── rtc-srtp v0.21.0
         │   │   │   └── rtc v0.21.0 (*)
         │   │   ├── rtc-stun v0.21.0
         │   │   │   ├── rtc v0.21.0 (*)
         │   │   │   ├── rtc-ice v0.21.0 (*)
         │   │   │   └── rtc-turn v0.21.0
         │   │   │       └── rtc v0.21.0 (*)
         │   │   └── rtc-turn v0.21.0 (*)
         │   └── rustytransfer-crypto v0.1.0 (*)
         ├── md-5 v0.10.6
         │   └── rtc-crypto v0.21.0 (*)
         ├── sha1 v0.10.6
         │   ├── rtc-crypto v0.21.0 (*)
         │   └── tungstenite v0.28.0
         │       └── tokio-tungstenite v0.28.0
         │           └── rustytransfer-native v0.1.0 (*)
         ├── sha2 v0.10.9
         │   └── spake2 v0.4.0 (*)
         └── sha3 v0.10.8
             ├── ml-kem v0.2.1
             │   ├── (dev) rustytransfer v0.1.0 (*)
             │   ├── rustytransfer-crypto v0.1.0 (*)
             │   └── rustytransfer-protocol v0.1.0 (*)
             ├── rustytransfer-crypto v0.1.0 (*)
             ├── rustytransfer-protocol v0.1.0 (*)
             └── rustytransfer-transfer v0.1.0 (*)
   ├ block-buffer v0.12.1
     └── digest v0.11.3
         ├── curve25519-dalek v5.0.0
         │   ├── ed25519-dalek v3.0.0
         │   │   ├── iroh v1.2.0
         │   │   │   ├── (dev) rustytransfer v0.1.0
         │   │   │   └── rustytransfer-native v0.1.0
         │   │   │       └── rustytransfer v0.1.0 (*)
         │   │   └── iroh-base v1.2.0
         │   │       ├── iroh v1.2.0 (*)
         │   │       ├── iroh-dns v1.3.0
         │   │       │   ├── iroh v1.2.0 (*)
         │   │       │   └── iroh-relay v1.2.0
         │   │       │       └── iroh v1.2.0 (*)
         │   │       └── iroh-relay v1.2.0 (*)
         │   └── iroh-base v1.2.0 (*)
         ├── sha1 v0.11.0
         │   └── iroh-relay v1.2.0 (*)
         └── sha2 v0.11.0
             └── ed25519-dalek v3.0.0 (*)

warning[duplicate]: found 2 duplicate entries for crate 'core-foundation'
   ┌─ /mnt/c/Users/wasil/Documents/GitHub/rustytransfer/Cargo.lock:68:1
   │  
68 │ ╭ core-foundation 0.9.4 registry+https://github.com/rust-lang/crates.io-index
69 │ │ core-foundation 0.10.1 registry+https://github.com/rust-lang/crates.io-index
   │ ╰────────────────────────────────────────────────────────────────────────────┘ lock entries
   │  
   ├ core-foundation v0.9.4
     ├── security-framework v2.11.1
     │   └── native-tls v0.2.14
     │       ├── hyper-tls v0.6.0
     │       │   └── reqwest v0.12.25
     │       │       └── rustytransfer-native v0.1.0
     │       │           └── rustytransfer v0.1.0
     │       ├── reqwest v0.12.25 (*)
     │       └── tokio-native-tls v0.3.1
     │           ├── hyper-tls v0.6.0 (*)
     │           └── reqwest v0.12.25 (*)
     └── system-configuration v0.6.1
         └── hyper-util v0.1.19
             ├── axum v0.8.9
             │   └── iroh v1.2.0
             │       ├── (dev) rustytransfer v0.1.0 (*)
             │       └── rustytransfer-native v0.1.0 (*)
             ├── hyper-rustls v0.27.7
             │   └── reqwest v0.13.5
             │       ├── iroh v1.2.0 (*)
             │       ├── iroh-metrics v1.0.1
             │       │   ├── iroh v1.2.0 (*)
             │       │   └── iroh-relay v1.2.0
             │       │       └── iroh v1.2.0 (*)
             │       ├── iroh-relay v1.2.0 (*)
             │       ├── n0-dns-resolver v0.1.0
             │       │   └── iroh-dns v1.3.0
             │       │       ├── iroh v1.2.0 (*)
             │       │       └── iroh-relay v1.2.0 (*)
             │       └── tokio-rustls-acme v0.9.1
             │           └── iroh-relay v1.2.0 (*)
             ├── hyper-tls v0.6.0 (*)
             ├── iroh-metrics v1.0.1 (*)
             ├── iroh-relay v1.2.0 (*)
             ├── reqwest v0.12.25 (*)
             └── reqwest v0.13.5 (*)
   ├ core-foundation v0.10.1
     ├── rustls-platform-verifier v0.7.0
     │   ├── iroh-metrics v1.0.1
     │   │   ├── iroh v1.2.0
     │   │   │   ├── (dev) rustytransfer v0.1.0
     │   │   │   └── rustytransfer-native v0.1.0
     │   │   │       └── rustytransfer v0.1.0 (*)
     │   │   └── iroh-relay v1.2.0
     │   │       └── iroh v1.2.0 (*)
     │   ├── noq-proto v1.3.0
     │   │   ├── iroh v1.2.0 (*)
     │   │   ├── iroh-relay v1.2.0 (*)
     │   │   └── noq v1.3.0
     │   │       ├── iroh v1.2.0 (*)
     │   │       └── iroh-relay v1.2.0 (*)
     │   └── reqwest v0.13.5
     │       ├── iroh v1.2.0 (*)
     │       ├── iroh-metrics v1.0.1 (*)
     │       ├── iroh-relay v1.2.0 (*)
     │       ├── n0-dns-resolver v0.1.0
     │       │   └── iroh-dns v1.3.0
     │       │       ├── iroh v1.2.0 (*)
     │       │       └── iroh-relay v1.2.0 (*)
     │       └── tokio-rustls-acme v0.9.1
     │           └── iroh-relay v1.2.0 (*)
     ├── security-framework v3.5.1
     │   ├── rustls-native-certs v0.8.4
     │   │   └── rustls-platform-verifier v0.7.0 (*)
     │   └── rustls-platform-verifier v0.7.0 (*)
     └── system-configuration v0.8.0
         └── n0-dns-resolver v0.1.0 (*)

warning[duplicate]: found 2 duplicate entries for crate 'cpufeatures'
   ┌─ /mnt/c/Users/wasil/Documents/GitHub/rustytransfer/Cargo.lock:71:1
   │  
71 │ ╭ cpufeatures 0.2.17 registry+https://github.com/rust-lang/crates.io-index
72 │ │ cpufeatures 0.3.1 registry+https://github.com/rust-lang/crates.io-index
   │ ╰───────────────────────────────────────────────────────────────────────┘ lock entries
   │  
   ├ cpufeatures v0.2.17
     ├── aes v0.8.4
     │   ├── aes-gcm v0.10.3
     │   │   ├── noq-proto v1.3.0
     │   │   │   ├── iroh v1.2.0
     │   │   │   │   ├── (dev) rustytransfer v0.1.0
     │   │   │   │   └── rustytransfer-native v0.1.0
     │   │   │   │       └── rustytransfer v0.1.0 (*)
     │   │   │   ├── iroh-relay v1.2.0
     │   │   │   │   └── iroh v1.2.0 (*)
     │   │   │   └── noq v1.3.0
     │   │   │       ├── iroh v1.2.0 (*)
     │   │   │       └── iroh-relay v1.2.0 (*)
     │   │   └── rustytransfer-crypto v0.1.0
     │   │       ├── rustytransfer v0.1.0 (*)
     │   │       └── rustytransfer-protocol v0.1.0
     │   │           ├── rustytransfer v0.1.0 (*)
     │   │           ├── rustytransfer-native v0.1.0 (*)
     │   │           └── rustytransfer-transfer v0.1.0
     │   │               ├── rustytransfer v0.1.0 (*)
     │   │               └── rustytransfer-native v0.1.0 (*)
     │   └── rtc-crypto v0.21.0
     │       ├── rtc v0.21.0
     │       │   └── webrtc v0.21.0
     │       │       ├── (dev) rustytransfer v0.1.0 (*)
     │       │       └── rustytransfer-native v0.1.0 (*)
     │       ├── rtc-dtls v0.21.0
     │       │   └── rtc v0.21.0 (*)
     │       ├── rtc-ice v0.21.0
     │       │   └── rtc v0.21.0 (*)
     │       ├── rtc-srtp v0.21.0
     │       │   └── rtc v0.21.0 (*)
     │       ├── rtc-stun v0.21.0
     │       │   ├── rtc v0.21.0 (*)
     │       │   ├── rtc-ice v0.21.0 (*)
     │       │   └── rtc-turn v0.21.0
     │       │       └── rtc v0.21.0 (*)
     │       └── rtc-turn v0.21.0 (*)
     ├── curve25519-dalek v4.1.3
     │   └── spake2 v0.4.0
     │       └── rustytransfer-crypto v0.1.0 (*)
     ├── keccak v0.1.6
     │   └── sha3 v0.10.8
     │       ├── ml-kem v0.2.1
     │       │   ├── (dev) rustytransfer v0.1.0 (*)
     │       │   ├── rustytransfer-crypto v0.1.0 (*)
     │       │   └── rustytransfer-protocol v0.1.0 (*)
     │       ├── rustytransfer-crypto v0.1.0 (*)
     │       ├── rustytransfer-protocol v0.1.0 (*)
     │       └── rustytransfer-transfer v0.1.0 (*)
     ├── polyval v0.6.2
     │   └── ghash v0.5.1
     │       └── aes-gcm v0.10.3 (*)
     ├── sha1 v0.10.6
     │   ├── rtc-crypto v0.21.0 (*)
     │   └── tungstenite v0.28.0
     │       └── tokio-tungstenite v0.28.0
     │           └── rustytransfer-native v0.1.0 (*)
     └── sha2 v0.10.9
         └── spake2 v0.4.0 (*)
   ├ cpufeatures v0.3.1
     ├── blake3 v1.8.7
     │   ├── iroh v1.2.0
     │   │   ├── (dev) rustytransfer v0.1.0
     │   │   └── rustytransfer-native v0.1.0
     │   │       └── rustytransfer v0.1.0 (*)
     │   └── iroh-relay v1.2.0
     │       └── iroh v1.2.0 (*)
     ├── chacha20 v0.10.2
     │   └── rand v0.10.2
     │       ├── iroh v1.2.0 (*)
     │       ├── iroh-base v1.2.0
     │       │   ├── iroh v1.2.0 (*)
     │       │   ├── iroh-dns v1.3.0
     │       │   │   ├── iroh v1.2.0 (*)
     │       │   │   └── iroh-relay v1.2.0 (*)
     │       │   └── iroh-relay v1.2.0 (*)
     │       ├── iroh-dns v1.3.0 (*)
     │       ├── iroh-relay v1.2.0 (*)
     │       ├── n0-dns-resolver v0.1.0
     │       │   └── iroh-dns v1.3.0 (*)
     │       ├── noq-proto v1.3.0
     │       │   ├── iroh v1.2.0 (*)
     │       │   ├── iroh-relay v1.2.0 (*)
     │       │   └── noq v1.3.0
     │       │       ├── iroh v1.2.0 (*)
     │       │       └── iroh-relay v1.2.0 (*)
     │       ├── rtc v0.21.0
     │       │   └── webrtc v0.21.0
     │       │       ├── (dev) rustytransfer v0.1.0 (*)
     │       │       └── rustytransfer-native v0.1.0 (*)
     │       ├── rtc-crypto v0.21.0
     │       │   ├── rtc v0.21.0 (*)
     │       │   ├── rtc-dtls v0.21.0
     │       │   │   └── rtc v0.21.0 (*)
     │       │   ├── rtc-ice v0.21.0
     │       │   │   └── rtc v0.21.0 (*)
     │       │   ├── rtc-srtp v0.21.0
     │       │   │   └── rtc v0.21.0 (*)
     │       │   ├── rtc-stun v0.21.0
     │       │   │   ├── rtc v0.21.0 (*)
     │       │   │   ├── rtc-ice v0.21.0 (*)
     │       │   │   └── rtc-turn v0.21.0
     │       │   │       └── rtc v0.21.0 (*)
     │       │   └── rtc-turn v0.21.0 (*)
     │       ├── rtc-interceptor v0.21.0
     │       │   └── rtc v0.21.0 (*)
     │       ├── rtc-media v0.21.0
     │       │   └── rtc v0.21.0 (*)
     │       ├── rtc-rtp v0.21.0
     │       │   ├── rtc v0.21.0 (*)
     │       │   ├── rtc-interceptor v0.21.0 (*)
     │       │   ├── rtc-media v0.21.0 (*)
     │       │   └── rtc-srtp v0.21.0 (*)
     │       ├── rtc-sctp v0.21.0
     │       │   ├── rtc v0.21.0 (*)
     │       │   └── rtc-datachannel v0.21.0
     │       │       └── rtc v0.21.0 (*)
     │       ├── rtc-sdp v0.21.0
     │       │   └── rtc v0.21.0 (*)
     │       ├── rtc-shared v0.21.0
     │       │   ├── rtc v0.21.0 (*)
     │       │   ├── rtc-datachannel v0.21.0 (*)
     │       │   ├── rtc-dtls v0.21.0 (*)
     │       │   ├── rtc-ice v0.21.0 (*)
     │       │   ├── rtc-interceptor v0.21.0 (*)
     │       │   ├── rtc-mdns v0.21.0
     │       │   │   ├── rtc v0.21.0 (*)
     │       │   │   └── rtc-ice v0.21.0 (*)
     │       │   ├── rtc-media v0.21.0 (*)
     │       │   ├── rtc-rtcp v0.21.0
     │       │   │   ├── rtc v0.21.0 (*)
     │       │   │   ├── rtc-interceptor v0.21.0 (*)
     │       │   │   └── rtc-srtp v0.21.0 (*)
     │       │   ├── rtc-rtp v0.21.0 (*)
     │       │   ├── rtc-sctp v0.21.0 (*)
     │       │   ├── rtc-sdp v0.21.0 (*)
     │       │   ├── rtc-srtp v0.21.0 (*)
     │       │   ├── rtc-stun v0.21.0 (*)
     │       │   └── rtc-turn v0.21.0 (*)
     │       ├── rtc-stun v0.21.0 (*)
     │       └── tokio-websockets v0.13.3
     │           └── iroh-relay v1.2.0 (*)
     ├── curve25519-dalek v5.0.0
     │   ├── ed25519-dalek v3.0.0
     │   │   ├── iroh v1.2.0 (*)
     │   │   └── iroh-base v1.2.0 (*)
     │   └── iroh-base v1.2.0 (*)
     ├── sha1 v0.11.0
     │   └── iroh-relay v1.2.0 (*)
     └── sha2 v0.11.0
         └── ed25519-dalek v3.0.0 (*)

warning[duplicate]: found 2 duplicate entries for crate 'crypto-common'
   ┌─ /mnt/c/Users/wasil/Documents/GitHub/rustytransfer/Cargo.lock:79:1
   │  
79 │ ╭ crypto-common 0.1.7 registry+https://github.com/rust-lang/crates.io-index
80 │ │ crypto-common 0.2.2 registry+https://github.com/rust-lang/crates.io-index
   │ ╰─────────────────────────────────────────────────────────────────────────┘ lock entries
   │  
   ├ crypto-common v0.1.7
     ├── aead v0.5.2
     │   ├── aes-gcm v0.10.3
     │   │   ├── noq-proto v1.3.0
     │   │   │   ├── iroh v1.2.0
     │   │   │   │   ├── (dev) rustytransfer v0.1.0
     │   │   │   │   └── rustytransfer-native v0.1.0
     │   │   │   │       └── rustytransfer v0.1.0 (*)
     │   │   │   ├── iroh-relay v1.2.0
     │   │   │   │   └── iroh v1.2.0 (*)
     │   │   │   └── noq v1.3.0
     │   │   │       ├── iroh v1.2.0 (*)
     │   │   │       └── iroh-relay v1.2.0 (*)
     │   │   └── rustytransfer-crypto v0.1.0
     │   │       ├── rustytransfer v0.1.0 (*)
     │   │       └── rustytransfer-protocol v0.1.0
     │   │           ├── rustytransfer v0.1.0 (*)
     │   │           ├── rustytransfer-native v0.1.0 (*)
     │   │           └── rustytransfer-transfer v0.1.0
     │   │               ├── rustytransfer v0.1.0 (*)
     │   │               └── rustytransfer-native v0.1.0 (*)
     │   └── ccm v0.5.0
     │       └── rtc-crypto v0.21.0
     │           ├── rtc v0.21.0
     │           │   └── webrtc v0.21.0
     │           │       ├── (dev) rustytransfer v0.1.0 (*)
     │           │       └── rustytransfer-native v0.1.0 (*)
     │           ├── rtc-dtls v0.21.0
     │           │   └── rtc v0.21.0 (*)
     │           ├── rtc-ice v0.21.0
     │           │   └── rtc v0.21.0 (*)
     │           ├── rtc-srtp v0.21.0
     │           │   └── rtc v0.21.0 (*)
     │           ├── rtc-stun v0.21.0
     │           │   ├── rtc v0.21.0 (*)
     │           │   ├── rtc-ice v0.21.0 (*)
     │           │   └── rtc-turn v0.21.0
     │           │       └── rtc v0.21.0 (*)
     │           └── rtc-turn v0.21.0 (*)
     ├── cipher v0.4.4
     │   ├── aes v0.8.4
     │   │   ├── aes-gcm v0.10.3 (*)
     │   │   └── rtc-crypto v0.21.0 (*)
     │   ├── aes-gcm v0.10.3 (*)
     │   ├── ccm v0.5.0 (*)
     │   └── ctr v0.9.2
     │       ├── aes-gcm v0.10.3 (*)
     │       ├── ccm v0.5.0 (*)
     │       └── rtc-crypto v0.21.0 (*)
     ├── digest v0.10.7
     │   ├── hmac v0.12.1
     │   │   ├── hkdf v0.12.4
     │   │   │   └── spake2 v0.4.0
     │   │   │       └── rustytransfer-crypto v0.1.0 (*)
     │   │   ├── rtc-crypto v0.21.0 (*)
     │   │   └── rustytransfer-crypto v0.1.0 (*)
     │   ├── md-5 v0.10.6
     │   │   └── rtc-crypto v0.21.0 (*)
     │   ├── sha1 v0.10.6
     │   │   ├── rtc-crypto v0.21.0 (*)
     │   │   └── tungstenite v0.28.0
     │   │       └── tokio-tungstenite v0.28.0
     │   │           └── rustytransfer-native v0.1.0 (*)
     │   ├── sha2 v0.10.9
     │   │   └── spake2 v0.4.0 (*)
     │   └── sha3 v0.10.8
     │       ├── ml-kem v0.2.1
     │       │   ├── (dev) rustytransfer v0.1.0 (*)
     │       │   ├── rustytransfer-crypto v0.1.0 (*)
     │       │   └── rustytransfer-protocol v0.1.0 (*)
     │       ├── rustytransfer-crypto v0.1.0 (*)
     │       ├── rustytransfer-protocol v0.1.0 (*)
     │       └── rustytransfer-transfer v0.1.0 (*)
     └── universal-hash v0.5.1
         └── polyval v0.6.2
             └── ghash v0.5.1
                 └── aes-gcm v0.10.3 (*)
   ├ crypto-common v0.2.2
     └── digest v0.11.3
         ├── curve25519-dalek v5.0.0
         │   ├── ed25519-dalek v3.0.0
         │   │   ├── iroh v1.2.0
         │   │   │   ├── (dev) rustytransfer v0.1.0
         │   │   │   └── rustytransfer-native v0.1.0
         │   │   │       └── rustytransfer v0.1.0 (*)
         │   │   └── iroh-base v1.2.0
         │   │       ├── iroh v1.2.0 (*)
         │   │       ├── iroh-dns v1.3.0
         │   │       │   ├── iroh v1.2.0 (*)
         │   │       │   └── iroh-relay v1.2.0
         │   │       │       └── iroh v1.2.0 (*)
         │   │       └── iroh-relay v1.2.0 (*)
         │   └── iroh-base v1.2.0 (*)
         ├── sha1 v0.11.0
         │   └── iroh-relay v1.2.0 (*)
         └── sha2 v0.11.0
             └── ed25519-dalek v3.0.0 (*)

warning[duplicate]: found 2 duplicate entries for crate 'curve25519-dalek'
   ┌─ /mnt/c/Users/wasil/Documents/GitHub/rustytransfer/Cargo.lock:83:1
   │  
83 │ ╭ curve25519-dalek 4.1.3 registry+https://github.com/rust-lang/crates.io-index
84 │ │ curve25519-dalek 5.0.0 registry+https://github.com/rust-lang/crates.io-index
   │ ╰────────────────────────────────────────────────────────────────────────────┘ lock entries
   │  
   ├ curve25519-dalek v4.1.3
     └── spake2 v0.4.0
         └── rustytransfer-crypto v0.1.0
             ├── rustytransfer v0.1.0
             └── rustytransfer-protocol v0.1.0
                 ├── rustytransfer v0.1.0 (*)
                 ├── rustytransfer-native v0.1.0
                 │   └── rustytransfer v0.1.0 (*)
                 └── rustytransfer-transfer v0.1.0
                     ├── rustytransfer v0.1.0 (*)
                     └── rustytransfer-native v0.1.0 (*)
   ├ curve25519-dalek v5.0.0
     ├── ed25519-dalek v3.0.0
     │   ├── iroh v1.2.0
     │   │   ├── (dev) rustytransfer v0.1.0
     │   │   └── rustytransfer-native v0.1.0
     │   │       └── rustytransfer v0.1.0 (*)
     │   └── iroh-base v1.2.0
     │       ├── iroh v1.2.0 (*)
     │       ├── iroh-dns v1.3.0
     │       │   ├── iroh v1.2.0 (*)
     │       │   └── iroh-relay v1.2.0
     │       │       └── iroh v1.2.0 (*)
     │       └── iroh-relay v1.2.0 (*)
     └── iroh-base v1.2.0 (*)

warning[duplicate]: found 2 duplicate entries for crate 'der-parser'
   ┌─ /mnt/c/Users/wasil/Documents/GitHub/rustytransfer/Cargo.lock:94:1
   │  
94 │ ╭ der-parser 9.0.0 registry+https://github.com/rust-lang/crates.io-index
95 │ │ der-parser 10.0.0 registry+https://github.com/rust-lang/crates.io-index
   │ ╰───────────────────────────────────────────────────────────────────────┘ lock entries
   │  
   ├ der-parser v9.0.0
     ├── rtc-dtls v0.21.0
     │   └── rtc v0.21.0
     │       └── webrtc v0.21.0
     │           ├── (dev) rustytransfer v0.1.0
     │           └── rustytransfer-native v0.1.0
     │               └── rustytransfer v0.1.0 (*)
     └── x509-parser v0.16.0
         ├── rtc v0.21.0 (*)
         └── rtc-dtls v0.21.0 (*)
   ├ der-parser v10.0.0
     └── x509-parser v0.18.1
         ├── rcgen v0.14.10
         │   ├── iroh-relay v1.2.0
         │   │   └── iroh v1.2.0
         │   │       ├── (dev) rustytransfer v0.1.0
         │   │       └── rustytransfer-native v0.1.0
         │   │           └── rustytransfer v0.1.0 (*)
         │   ├── rtc v0.21.0
         │   │   └── webrtc v0.21.0
         │   │       ├── (dev) rustytransfer v0.1.0 (*)
         │   │       └── rustytransfer-native v0.1.0 (*)
         │   ├── rtc-dtls v0.21.0
         │   │   └── rtc v0.21.0 (*)
         │   └── tokio-rustls-acme v0.9.1
         │       └── iroh-relay v1.2.0 (*)
         └── tokio-rustls-acme v0.9.1 (*)

warning[duplicate]: found 2 duplicate entries for crate 'digest'
    ┌─ /mnt/c/Users/wasil/Documents/GitHub/rustytransfer/Cargo.lock:100:1
    │  
100 │ ╭ digest 0.10.7 registry+https://github.com/rust-lang/crates.io-index
101 │ │ digest 0.11.3 registry+https://github.com/rust-lang/crates.io-index
    │ ╰───────────────────────────────────────────────────────────────────┘ lock entries
    │  
    ├ digest v0.10.7
      ├── hmac v0.12.1
      │   ├── hkdf v0.12.4
      │   │   └── spake2 v0.4.0
      │   │       └── rustytransfer-crypto v0.1.0
      │   │           ├── rustytransfer v0.1.0
      │   │           └── rustytransfer-protocol v0.1.0
      │   │               ├── rustytransfer v0.1.0 (*)
      │   │               ├── rustytransfer-native v0.1.0
      │   │               │   └── rustytransfer v0.1.0 (*)
      │   │               └── rustytransfer-transfer v0.1.0
      │   │                   ├── rustytransfer v0.1.0 (*)
      │   │                   └── rustytransfer-native v0.1.0 (*)
      │   ├── rtc-crypto v0.21.0
      │   │   ├── rtc v0.21.0
      │   │   │   └── webrtc v0.21.0
      │   │   │       ├── (dev) rustytransfer v0.1.0 (*)
      │   │   │       └── rustytransfer-native v0.1.0 (*)
      │   │   ├── rtc-dtls v0.21.0
      │   │   │   └── rtc v0.21.0 (*)
      │   │   ├── rtc-ice v0.21.0
      │   │   │   └── rtc v0.21.0 (*)
      │   │   ├── rtc-srtp v0.21.0
      │   │   │   └── rtc v0.21.0 (*)
      │   │   ├── rtc-stun v0.21.0
      │   │   │   ├── rtc v0.21.0 (*)
      │   │   │   ├── rtc-ice v0.21.0 (*)
      │   │   │   └── rtc-turn v0.21.0
      │   │   │       └── rtc v0.21.0 (*)
      │   │   └── rtc-turn v0.21.0 (*)
      │   └── rustytransfer-crypto v0.1.0 (*)
      ├── md-5 v0.10.6
      │   └── rtc-crypto v0.21.0 (*)
      ├── sha1 v0.10.6
      │   ├── rtc-crypto v0.21.0 (*)
      │   └── tungstenite v0.28.0
      │       └── tokio-tungstenite v0.28.0
      │           └── rustytransfer-native v0.1.0 (*)
      ├── sha2 v0.10.9
      │   └── spake2 v0.4.0 (*)
      └── sha3 v0.10.8
          ├── ml-kem v0.2.1
          │   ├── (dev) rustytransfer v0.1.0 (*)
          │   ├── rustytransfer-crypto v0.1.0 (*)
          │   └── rustytransfer-protocol v0.1.0 (*)
          ├── rustytransfer-crypto v0.1.0 (*)
          ├── rustytransfer-protocol v0.1.0 (*)
          └── rustytransfer-transfer v0.1.0 (*)
    ├ digest v0.11.3
      ├── curve25519-dalek v5.0.0
      │   ├── ed25519-dalek v3.0.0
      │   │   ├── iroh v1.2.0
      │   │   │   ├── (dev) rustytransfer v0.1.0
      │   │   │   └── rustytransfer-native v0.1.0
      │   │   │       └── rustytransfer v0.1.0 (*)
      │   │   └── iroh-base v1.2.0
      │   │       ├── iroh v1.2.0 (*)
      │   │       ├── iroh-dns v1.3.0
      │   │       │   ├── iroh v1.2.0 (*)
      │   │       │   └── iroh-relay v1.2.0
      │   │       │       └── iroh v1.2.0 (*)
      │   │       └── iroh-relay v1.2.0 (*)
      │   └── iroh-base v1.2.0 (*)
      ├── sha1 v0.11.0
      │   └── iroh-relay v1.2.0 (*)
      └── sha2 v0.11.0
          └── ed25519-dalek v3.0.0 (*)

warning[duplicate]: found 2 duplicate entries for crate 'fiat-crypto'
    ┌─ /mnt/c/Users/wasil/Documents/GitHub/rustytransfer/Cargo.lock:119:1
    │  
119 │ ╭ fiat-crypto 0.2.9 registry+https://github.com/rust-lang/crates.io-index
120 │ │ fiat-crypto 0.3.0 registry+https://github.com/rust-lang/crates.io-index
    │ ╰───────────────────────────────────────────────────────────────────────┘ lock entries
    │  
    ├ fiat-crypto v0.2.9
      └── curve25519-dalek v4.1.3
          └── spake2 v0.4.0
              └── rustytransfer-crypto v0.1.0
                  ├── rustytransfer v0.1.0
                  └── rustytransfer-protocol v0.1.0
                      ├── rustytransfer v0.1.0 (*)
                      ├── rustytransfer-native v0.1.0
                      │   └── rustytransfer v0.1.0 (*)
                      └── rustytransfer-transfer v0.1.0
                          ├── rustytransfer v0.1.0 (*)
                          └── rustytransfer-native v0.1.0 (*)
    ├ fiat-crypto v0.3.0
      └── curve25519-dalek v5.0.0
          ├── ed25519-dalek v3.0.0
          │   ├── iroh v1.2.0
          │   │   ├── (dev) rustytransfer v0.1.0
          │   │   └── rustytransfer-native v0.1.0
          │   │       └── rustytransfer v0.1.0 (*)
          │   └── iroh-base v1.2.0
          │       ├── iroh v1.2.0 (*)
          │       ├── iroh-dns v1.3.0
          │       │   ├── iroh v1.2.0 (*)
          │       │   └── iroh-relay v1.2.0
          │       │       └── iroh v1.2.0 (*)
          │       └── iroh-relay v1.2.0 (*)
          └── iroh-base v1.2.0 (*)

warning[duplicate]: found 2 duplicate entries for crate 'foldhash'
    ┌─ /mnt/c/Users/wasil/Documents/GitHub/rustytransfer/Cargo.lock:123:1
    │  
123 │ ╭ foldhash 0.1.5 registry+https://github.com/rust-lang/crates.io-index
124 │ │ foldhash 0.2.0 registry+https://github.com/rust-lang/crates.io-index
    │ ╰────────────────────────────────────────────────────────────────────┘ lock entries
    │  
    ├ foldhash v0.1.5
      └── hashbrown v0.15.5
          └── lru v0.12.5
              └── ratatui v0.29.0
                  ├── ratatui-explorer v0.2.1
                  │   └── rustytransfer v0.1.0
                  └── rustytransfer v0.1.0 (*)
    ├ foldhash v0.2.0
      └── hashbrown v0.17.1
          ├── indexmap v2.14.2
          │   ├── h2 v0.4.16
          │   │   ├── hyper v1.8.1
          │   │   │   ├── axum v0.8.9
          │   │   │   │   └── iroh v1.2.0
          │   │   │   │       ├── (dev) rustytransfer v0.1.0
          │   │   │   │       └── rustytransfer-native v0.1.0
          │   │   │   │           └── rustytransfer v0.1.0 (*)
          │   │   │   ├── hyper-rustls v0.27.7
          │   │   │   │   └── reqwest v0.13.5
          │   │   │   │       ├── iroh v1.2.0 (*)
          │   │   │   │       ├── iroh-metrics v1.0.1
          │   │   │   │       │   ├── iroh v1.2.0 (*)
          │   │   │   │       │   └── iroh-relay v1.2.0
          │   │   │   │       │       └── iroh v1.2.0 (*)
          │   │   │   │       ├── iroh-relay v1.2.0 (*)
          │   │   │   │       ├── n0-dns-resolver v0.1.0
          │   │   │   │       │   └── iroh-dns v1.3.0
          │   │   │   │       │       ├── iroh v1.2.0 (*)
          │   │   │   │       │       └── iroh-relay v1.2.0 (*)
          │   │   │   │       └── tokio-rustls-acme v0.9.1
          │   │   │   │           └── iroh-relay v1.2.0 (*)
          │   │   │   ├── hyper-tls v0.6.0
          │   │   │   │   └── reqwest v0.12.25
          │   │   │   │       └── rustytransfer-native v0.1.0 (*)
          │   │   │   ├── hyper-util v0.1.19
          │   │   │   │   ├── axum v0.8.9 (*)
          │   │   │   │   ├── hyper-rustls v0.27.7 (*)
          │   │   │   │   ├── hyper-tls v0.6.0 (*)
          │   │   │   │   ├── iroh-metrics v1.0.1 (*)
          │   │   │   │   ├── iroh-relay v1.2.0 (*)
          │   │   │   │   ├── reqwest v0.12.25 (*)
          │   │   │   │   └── reqwest v0.13.5 (*)
          │   │   │   ├── iroh-metrics v1.0.1 (*)
          │   │   │   ├── iroh-relay v1.2.0 (*)
          │   │   │   ├── reqwest v0.12.25 (*)
          │   │   │   └── reqwest v0.13.5 (*)
          │   │   └── reqwest v0.12.25 (*)
          │   ├── plist v1.10.1
          │   │   ├── netdev v0.45.1
          │   │   │   └── netwatch v0.19.3
          │   │   │       └── iroh v1.2.0 (*)
          │   │   └── netdev v0.46.3
          │   │       └── netwatch v0.19.3 (*)
          │   └── toml_edit v0.25.15+spec-1.1.0
          │       └── proc-macro-crate v3.5.0
          │           └── num_enum_derive v0.7.6
          │               └── num_enum v0.7.6
          │                   └── iroh-relay v1.2.0 (*)
          ├── lru v0.18.4
          │   ├── iroh-relay v1.2.0 (*)
          │   └── n0-dns-resolver v0.1.0 (*)
          └── rkyv v0.8.18
              └── rtc-dtls v0.21.0
                  └── rtc v0.21.0
                      └── webrtc v0.21.0
                          ├── (dev) rustytransfer v0.1.0 (*)
                          └── rustytransfer-native v0.1.0 (*)

warning[duplicate]: found 3 duplicate entries for crate 'getrandom'
    ┌─ /mnt/c/Users/wasil/Documents/GitHub/rustytransfer/Cargo.lock:141:1
    │  
141 │ ╭ getrandom 0.2.16 registry+https://github.com/rust-lang/crates.io-index
142 │ │ getrandom 0.3.4 registry+https://github.com/rust-lang/crates.io-index
143 │ │ getrandom 0.4.3 registry+https://github.com/rust-lang/crates.io-index
    │ ╰─────────────────────────────────────────────────────────────────────┘ lock entries
    │  
    ├ getrandom v0.2.16
      ├── rand_core v0.6.4
      │   ├── crypto-common v0.1.7
      │   │   ├── aead v0.5.2
      │   │   │   ├── aes-gcm v0.10.3
      │   │   │   │   ├── noq-proto v1.3.0
      │   │   │   │   │   ├── iroh v1.2.0
      │   │   │   │   │   │   ├── (dev) rustytransfer v0.1.0
      │   │   │   │   │   │   └── rustytransfer-native v0.1.0
      │   │   │   │   │   │       └── rustytransfer v0.1.0 (*)
      │   │   │   │   │   ├── iroh-relay v1.2.0
      │   │   │   │   │   │   └── iroh v1.2.0 (*)
      │   │   │   │   │   └── noq v1.3.0
      │   │   │   │   │       ├── iroh v1.2.0 (*)
      │   │   │   │   │       └── iroh-relay v1.2.0 (*)
      │   │   │   │   └── rustytransfer-crypto v0.1.0
      │   │   │   │       ├── rustytransfer v0.1.0 (*)
      │   │   │   │       └── rustytransfer-protocol v0.1.0
      │   │   │   │           ├── rustytransfer v0.1.0 (*)
      │   │   │   │           ├── rustytransfer-native v0.1.0 (*)
      │   │   │   │           └── rustytransfer-transfer v0.1.0
      │   │   │   │               ├── rustytransfer v0.1.0 (*)
      │   │   │   │               └── rustytransfer-native v0.1.0 (*)
      │   │   │   └── ccm v0.5.0
      │   │   │       └── rtc-crypto v0.21.0
      │   │   │           ├── rtc v0.21.0
      │   │   │           │   └── webrtc v0.21.0
      │   │   │           │       ├── (dev) rustytransfer v0.1.0 (*)
      │   │   │           │       └── rustytransfer-native v0.1.0 (*)
      │   │   │           ├── rtc-dtls v0.21.0
      │   │   │           │   └── rtc v0.21.0 (*)
      │   │   │           ├── rtc-ice v0.21.0
      │   │   │           │   └── rtc v0.21.0 (*)
      │   │   │           ├── rtc-srtp v0.21.0
      │   │   │           │   └── rtc v0.21.0 (*)
      │   │   │           ├── rtc-stun v0.21.0
      │   │   │           │   ├── rtc v0.21.0 (*)
      │   │   │           │   ├── rtc-ice v0.21.0 (*)
      │   │   │           │   └── rtc-turn v0.21.0
      │   │   │           │       └── rtc v0.21.0 (*)
      │   │   │           └── rtc-turn v0.21.0 (*)
      │   │   ├── cipher v0.4.4
      │   │   │   ├── aes v0.8.4
      │   │   │   │   ├── aes-gcm v0.10.3 (*)
      │   │   │   │   └── rtc-crypto v0.21.0 (*)
      │   │   │   ├── aes-gcm v0.10.3 (*)
      │   │   │   ├── ccm v0.5.0 (*)
      │   │   │   └── ctr v0.9.2
      │   │   │       ├── aes-gcm v0.10.3 (*)
      │   │   │       ├── ccm v0.5.0 (*)
      │   │   │       └── rtc-crypto v0.21.0 (*)
      │   │   ├── digest v0.10.7
      │   │   │   ├── hmac v0.12.1
      │   │   │   │   ├── hkdf v0.12.4
      │   │   │   │   │   └── spake2 v0.4.0
      │   │   │   │   │       └── rustytransfer-crypto v0.1.0 (*)
      │   │   │   │   ├── rtc-crypto v0.21.0 (*)
      │   │   │   │   └── rustytransfer-crypto v0.1.0 (*)
      │   │   │   ├── md-5 v0.10.6
      │   │   │   │   └── rtc-crypto v0.21.0 (*)
      │   │   │   ├── sha1 v0.10.6
      │   │   │   │   ├── rtc-crypto v0.21.0 (*)
      │   │   │   │   └── tungstenite v0.28.0
      │   │   │   │       └── tokio-tungstenite v0.28.0
      │   │   │   │           └── rustytransfer-native v0.1.0 (*)
      │   │   │   ├── sha2 v0.10.9
      │   │   │   │   └── spake2 v0.4.0 (*)
      │   │   │   └── sha3 v0.10.8
      │   │   │       ├── ml-kem v0.2.1
      │   │   │       │   ├── (dev) rustytransfer v0.1.0 (*)
      │   │   │       │   ├── rustytransfer-crypto v0.1.0 (*)
      │   │   │       │   └── rustytransfer-protocol v0.1.0 (*)
      │   │   │       ├── rustytransfer-crypto v0.1.0 (*)
      │   │   │       ├── rustytransfer-protocol v0.1.0 (*)
      │   │   │       └── rustytransfer-transfer v0.1.0 (*)
      │   │   └── universal-hash v0.5.1
      │   │       └── polyval v0.6.2
      │   │           └── ghash v0.5.1
      │   │               └── aes-gcm v0.10.3 (*)
      │   ├── curve25519-dalek v4.1.3
      │   │   └── spake2 v0.4.0 (*)
      │   ├── kem v0.3.0-pre.0
      │   │   └── ml-kem v0.2.1 (*)
      │   ├── ml-kem v0.2.1 (*)
      │   ├── rand v0.8.6
      │   │   ├── rustytransfer v0.1.0 (*)
      │   │   └── rustytransfer-native v0.1.0 (*)
      │   ├── rand_chacha v0.3.1
      │   │   └── rand v0.8.6 (*)
      │   ├── rustytransfer-crypto v0.1.0 (*)
      │   └── spake2 v0.4.0 (*)
      ├── ring v0.17.14
      │   ├── noq-proto v1.3.0 (*)
      │   ├── rcgen v0.14.10
      │   │   ├── iroh-relay v1.2.0 (*)
      │   │   ├── rtc v0.21.0 (*)
      │   │   ├── rtc-dtls v0.21.0 (*)
      │   │   └── tokio-rustls-acme v0.9.1
      │   │       └── iroh-relay v1.2.0 (*)
      │   ├── rtc-crypto v0.21.0 (*)
      │   ├── rustls v0.23.45
      │   │   ├── hyper-rustls v0.27.7
      │   │   │   └── reqwest v0.13.5
      │   │   │       ├── iroh v1.2.0 (*)
      │   │   │       ├── iroh-metrics v1.0.1
      │   │   │       │   ├── iroh v1.2.0 (*)
      │   │   │       │   └── iroh-relay v1.2.0 (*)
      │   │   │       ├── iroh-relay v1.2.0 (*)
      │   │   │       ├── n0-dns-resolver v0.1.0
      │   │   │       │   └── iroh-dns v1.3.0
      │   │   │       │       ├── iroh v1.2.0 (*)
      │   │   │       │       └── iroh-relay v1.2.0 (*)
      │   │   │       └── tokio-rustls-acme v0.9.1 (*)
      │   │   ├── iroh v1.2.0 (*)
      │   │   ├── iroh-dns v1.3.0 (*)
      │   │   ├── iroh-metrics v1.0.1 (*)
      │   │   ├── iroh-relay v1.2.0 (*)
      │   │   ├── n0-dns-resolver v0.1.0 (*)
      │   │   ├── noq v1.3.0 (*)
      │   │   ├── noq-proto v1.3.0 (*)
      │   │   ├── reqwest v0.13.5 (*)
      │   │   ├── rtc v0.21.0 (*)
      │   │   ├── rtc-dtls v0.21.0 (*)
      │   │   ├── rustls-cert-reloadable-resolver v0.7.1
      │   │   │   └── iroh-relay v1.2.0 (*)
      │   │   ├── rustls-platform-verifier v0.7.0
      │   │   │   ├── iroh-metrics v1.0.1 (*)
      │   │   │   ├── noq-proto v1.3.0 (*)
      │   │   │   └── reqwest v0.13.5 (*)
      │   │   ├── tokio-rustls v0.26.4
      │   │   │   ├── hyper-rustls v0.27.7 (*)
      │   │   │   ├── iroh-relay v1.2.0 (*)
      │   │   │   ├── n0-dns-resolver v0.1.0 (*)
      │   │   │   ├── reqwest v0.13.5 (*)
      │   │   │   ├── tokio-rustls-acme v0.9.1 (*)
      │   │   │   ├── tokio-tungstenite v0.28.0 (*)
      │   │   │   └── tokio-websockets v0.13.3
      │   │   │       └── iroh-relay v1.2.0 (*)
      │   │   ├── tokio-rustls-acme v0.9.1 (*)
      │   │   ├── tokio-tungstenite v0.28.0 (*)
      │   │   └── tungstenite v0.28.0 (*)
      │   ├── rustls-webpki v0.103.15
      │   │   ├── rustls v0.23.45 (*)
      │   │   └── rustls-platform-verifier v0.7.0 (*)
      │   ├── tokio-rustls-acme v0.9.1 (*)
      │   ├── tokio-websockets v0.13.3 (*)
      │   └── x509-parser v0.18.1
      │       ├── rcgen v0.14.10 (*)
      │       └── tokio-rustls-acme v0.9.1 (*)
      └── rustytransfer-crypto v0.1.0 (*)
    ├ getrandom v0.3.4
      ├── rand_core v0.9.3
      │   ├── rand v0.9.2
      │   │   └── tungstenite v0.28.0
      │   │       └── tokio-tungstenite v0.28.0
      │   │           └── rustytransfer-native v0.1.0
      │   │               └── rustytransfer v0.1.0
      │   └── rand_chacha v0.9.0
      │       └── rand v0.9.2 (*)
      ├── rustytransfer-crypto v0.1.0
      │   ├── rustytransfer v0.1.0 (*)
      │   └── rustytransfer-protocol v0.1.0
      │       ├── rustytransfer v0.1.0 (*)
      │       ├── rustytransfer-native v0.1.0 (*)
      │       └── rustytransfer-transfer v0.1.0
      │           ├── rustytransfer v0.1.0 (*)
      │           └── rustytransfer-native v0.1.0 (*)
      ├── tempfile v3.23.0
      │   └── native-tls v0.2.14
      │       ├── hyper-tls v0.6.0
      │       │   └── reqwest v0.12.25
      │       │       └── rustytransfer-native v0.1.0 (*)
      │       ├── reqwest v0.12.25 (*)
      │       └── tokio-native-tls v0.3.1
      │           ├── hyper-tls v0.6.0 (*)
      │           └── reqwest v0.12.25 (*)
      └── uuid v1.19.0
          ├── rtc-ice v0.21.0
          │   └── rtc v0.21.0
          │       └── webrtc v0.21.0
          │           ├── (dev) rustytransfer v0.1.0 (*)
          │           └── rustytransfer-native v0.1.0 (*)
          ├── (dev) rustytransfer v0.1.0 (*)
          └── (dev) rustytransfer-native v0.1.0 (*)
    ├ getrandom v0.4.3
      ├── iroh v1.2.0
      │   ├── (dev) rustytransfer v0.1.0
      │   └── rustytransfer-native v0.1.0
      │       └── rustytransfer v0.1.0 (*)
      ├── iroh-base v1.2.0
      │   ├── iroh v1.2.0 (*)
      │   ├── iroh-dns v1.3.0
      │   │   ├── iroh v1.2.0 (*)
      │   │   └── iroh-relay v1.2.0
      │   │       └── iroh v1.2.0 (*)
      │   └── iroh-relay v1.2.0 (*)
      ├── iroh-relay v1.2.0 (*)
      ├── noq-proto v1.3.0
      │   ├── iroh v1.2.0 (*)
      │   ├── iroh-relay v1.2.0 (*)
      │   └── noq v1.3.0
      │       ├── iroh v1.2.0 (*)
      │       └── iroh-relay v1.2.0 (*)
      ├── rand v0.10.2
      │   ├── iroh v1.2.0 (*)
      │   ├── iroh-base v1.2.0 (*)
      │   ├── iroh-dns v1.3.0 (*)
      │   ├── iroh-relay v1.2.0 (*)
      │   ├── n0-dns-resolver v0.1.0
      │   │   └── iroh-dns v1.3.0 (*)
      │   ├── noq-proto v1.3.0 (*)
      │   ├── rtc v0.21.0
      │   │   └── webrtc v0.21.0
      │   │       ├── (dev) rustytransfer v0.1.0 (*)
      │   │       └── rustytransfer-native v0.1.0 (*)
      │   ├── rtc-crypto v0.21.0
      │   │   ├── rtc v0.21.0 (*)
      │   │   ├── rtc-dtls v0.21.0
      │   │   │   └── rtc v0.21.0 (*)
      │   │   ├── rtc-ice v0.21.0
      │   │   │   └── rtc v0.21.0 (*)
      │   │   ├── rtc-srtp v0.21.0
      │   │   │   └── rtc v0.21.0 (*)
      │   │   ├── rtc-stun v0.21.0
      │   │   │   ├── rtc v0.21.0 (*)
      │   │   │   ├── rtc-ice v0.21.0 (*)
      │   │   │   └── rtc-turn v0.21.0
      │   │   │       └── rtc v0.21.0 (*)
      │   │   └── rtc-turn v0.21.0 (*)
      │   ├── rtc-interceptor v0.21.0
      │   │   └── rtc v0.21.0 (*)
      │   ├── rtc-media v0.21.0
      │   │   └── rtc v0.21.0 (*)
      │   ├── rtc-rtp v0.21.0
      │   │   ├── rtc v0.21.0 (*)
      │   │   ├── rtc-interceptor v0.21.0 (*)
      │   │   ├── rtc-media v0.21.0 (*)
      │   │   └── rtc-srtp v0.21.0 (*)
      │   ├── rtc-sctp v0.21.0
      │   │   ├── rtc v0.21.0 (*)
      │   │   └── rtc-datachannel v0.21.0
      │   │       └── rtc v0.21.0 (*)
      │   ├── rtc-sdp v0.21.0
      │   │   └── rtc v0.21.0 (*)
      │   ├── rtc-shared v0.21.0
      │   │   ├── rtc v0.21.0 (*)
      │   │   ├── rtc-datachannel v0.21.0 (*)
      │   │   ├── rtc-dtls v0.21.0 (*)
      │   │   ├── rtc-ice v0.21.0 (*)
      │   │   ├── rtc-interceptor v0.21.0 (*)
      │   │   ├── rtc-mdns v0.21.0
      │   │   │   ├── rtc v0.21.0 (*)
      │   │   │   └── rtc-ice v0.21.0 (*)
      │   │   ├── rtc-media v0.21.0 (*)
      │   │   ├── rtc-rtcp v0.21.0
      │   │   │   ├── rtc v0.21.0 (*)
      │   │   │   ├── rtc-interceptor v0.21.0 (*)
      │   │   │   └── rtc-srtp v0.21.0 (*)
      │   │   ├── rtc-rtp v0.21.0 (*)
      │   │   ├── rtc-sctp v0.21.0 (*)
      │   │   ├── rtc-sdp v0.21.0 (*)
      │   │   ├── rtc-srtp v0.21.0 (*)
      │   │   ├── rtc-stun v0.21.0 (*)
      │   │   └── rtc-turn v0.21.0 (*)
      │   ├── rtc-stun v0.21.0 (*)
      │   └── tokio-websockets v0.13.3
      │       └── iroh-relay v1.2.0 (*)
      └── tokio-websockets v0.13.3 (*)

warning[duplicate]: found 3 duplicate entries for crate 'hashbrown'
    ┌─ /mnt/c/Users/wasil/Documents/GitHub/rustytransfer/Cargo.lock:147:1
    │  
147 │ ╭ hashbrown 0.14.5 registry+https://github.com/rust-lang/crates.io-index
148 │ │ hashbrown 0.15.5 registry+https://github.com/rust-lang/crates.io-index
149 │ │ hashbrown 0.17.1 registry+https://github.com/rust-lang/crates.io-index
    │ ╰──────────────────────────────────────────────────────────────────────┘ lock entries
    │  
    ├ hashbrown v0.14.5
      └── dashmap v6.1.0
          └── iroh-relay v1.2.0
              └── iroh v1.2.0
                  ├── (dev) rustytransfer v0.1.0
                  └── rustytransfer-native v0.1.0
                      └── rustytransfer v0.1.0 (*)
    ├ hashbrown v0.15.5
      └── lru v0.12.5
          └── ratatui v0.29.0
              ├── ratatui-explorer v0.2.1
              │   └── rustytransfer v0.1.0
              └── rustytransfer v0.1.0 (*)
    ├ hashbrown v0.17.1
      ├── indexmap v2.14.2
      │   ├── h2 v0.4.16
      │   │   ├── hyper v1.8.1
      │   │   │   ├── axum v0.8.9
      │   │   │   │   └── iroh v1.2.0
      │   │   │   │       ├── (dev) rustytransfer v0.1.0
      │   │   │   │       └── rustytransfer-native v0.1.0
      │   │   │   │           └── rustytransfer v0.1.0 (*)
      │   │   │   ├── hyper-rustls v0.27.7
      │   │   │   │   └── reqwest v0.13.5
      │   │   │   │       ├── iroh v1.2.0 (*)
      │   │   │   │       ├── iroh-metrics v1.0.1
      │   │   │   │       │   ├── iroh v1.2.0 (*)
      │   │   │   │       │   └── iroh-relay v1.2.0
      │   │   │   │       │       └── iroh v1.2.0 (*)
      │   │   │   │       ├── iroh-relay v1.2.0 (*)
      │   │   │   │       ├── n0-dns-resolver v0.1.0
      │   │   │   │       │   └── iroh-dns v1.3.0
      │   │   │   │       │       ├── iroh v1.2.0 (*)
      │   │   │   │       │       └── iroh-relay v1.2.0 (*)
      │   │   │   │       └── tokio-rustls-acme v0.9.1
      │   │   │   │           └── iroh-relay v1.2.0 (*)
      │   │   │   ├── hyper-tls v0.6.0
      │   │   │   │   └── reqwest v0.12.25
      │   │   │   │       └── rustytransfer-native v0.1.0 (*)
      │   │   │   ├── hyper-util v0.1.19
      │   │   │   │   ├── axum v0.8.9 (*)
      │   │   │   │   ├── hyper-rustls v0.27.7 (*)
      │   │   │   │   ├── hyper-tls v0.6.0 (*)
      │   │   │   │   ├── iroh-metrics v1.0.1 (*)
      │   │   │   │   ├── iroh-relay v1.2.0 (*)
      │   │   │   │   ├── reqwest v0.12.25 (*)
      │   │   │   │   └── reqwest v0.13.5 (*)
      │   │   │   ├── iroh-metrics v1.0.1 (*)
      │   │   │   ├── iroh-relay v1.2.0 (*)
      │   │   │   ├── reqwest v0.12.25 (*)
      │   │   │   └── reqwest v0.13.5 (*)
      │   │   └── reqwest v0.12.25 (*)
      │   ├── plist v1.10.1
      │   │   ├── netdev v0.45.1
      │   │   │   └── netwatch v0.19.3
      │   │   │       └── iroh v1.2.0 (*)
      │   │   └── netdev v0.46.3
      │   │       └── netwatch v0.19.3 (*)
      │   └── toml_edit v0.25.15+spec-1.1.0
      │       └── proc-macro-crate v3.5.0
      │           └── num_enum_derive v0.7.6
      │               └── num_enum v0.7.6
      │                   └── iroh-relay v1.2.0 (*)
      ├── lru v0.18.4
      │   ├── iroh-relay v1.2.0 (*)
      │   └── n0-dns-resolver v0.1.0 (*)
      └── rkyv v0.8.18
          └── rtc-dtls v0.21.0
              └── rtc v0.21.0
                  └── webrtc v0.21.0
                      ├── (dev) rustytransfer v0.1.0 (*)
                      └── rustytransfer-native v0.1.0 (*)

warning[duplicate]: found 2 duplicate entries for crate 'hybrid-array'
    ┌─ /mnt/c/Users/wasil/Documents/GitHub/rustytransfer/Cargo.lock:159:1
    │  
159 │ ╭ hybrid-array 0.2.3 registry+https://github.com/rust-lang/crates.io-index
160 │ │ hybrid-array 0.4.10 registry+https://github.com/rust-lang/crates.io-index
    │ ╰─────────────────────────────────────────────────────────────────────────┘ lock entries
    │  
    ├ hybrid-array v0.2.3
      └── ml-kem v0.2.1
          ├── (dev) rustytransfer v0.1.0
          ├── rustytransfer-crypto v0.1.0
          │   ├── rustytransfer v0.1.0 (*)
          │   └── rustytransfer-protocol v0.1.0
          │       ├── rustytransfer v0.1.0 (*)
          │       ├── rustytransfer-native v0.1.0
          │       │   └── rustytransfer v0.1.0 (*)
          │       └── rustytransfer-transfer v0.1.0
          │           ├── rustytransfer v0.1.0 (*)
          │           └── rustytransfer-native v0.1.0 (*)
          └── rustytransfer-protocol v0.1.0 (*)
    ├ hybrid-array v0.4.10
      ├── block-buffer v0.12.1
      │   └── digest v0.11.3
      │       ├── curve25519-dalek v5.0.0
      │       │   ├── ed25519-dalek v3.0.0
      │       │   │   ├── iroh v1.2.0
      │       │   │   │   ├── (dev) rustytransfer v0.1.0
      │       │   │   │   └── rustytransfer-native v0.1.0
      │       │   │   │       └── rustytransfer v0.1.0 (*)
      │       │   │   └── iroh-base v1.2.0
      │       │   │       ├── iroh v1.2.0 (*)
      │       │   │       ├── iroh-dns v1.3.0
      │       │   │       │   ├── iroh v1.2.0 (*)
      │       │   │       │   └── iroh-relay v1.2.0
      │       │   │       │       └── iroh v1.2.0 (*)
      │       │   │       └── iroh-relay v1.2.0 (*)
      │       │   └── iroh-base v1.2.0 (*)
      │       ├── sha1 v0.11.0
      │       │   └── iroh-relay v1.2.0 (*)
      │       └── sha2 v0.11.0
      │           └── ed25519-dalek v3.0.0 (*)
      └── crypto-common v0.2.2
          └── digest v0.11.3 (*)

warning[duplicate]: found 2 duplicate entries for crate 'jni'
    ┌─ /mnt/c/Users/wasil/Documents/GitHub/rustytransfer/Cargo.lock:195:1
    │  
195 │ ╭ jni 0.21.1 registry+https://github.com/rust-lang/crates.io-index
196 │ │ jni 0.22.4 registry+https://github.com/rust-lang/crates.io-index
    │ ╰────────────────────────────────────────────────────────────────┘ lock entries
    │  
    ├ jni v0.21.1
      ├── netdev v0.45.1
      │   └── netwatch v0.19.3
      │       └── iroh v1.2.0
      │           ├── (dev) rustytransfer v0.1.0
      │           └── rustytransfer-native v0.1.0
      │               └── rustytransfer v0.1.0 (*)
      └── netdev v0.46.3
          └── netwatch v0.19.3 (*)
    ├ jni v0.22.4
      ├── n0-dns-resolver v0.1.0
      │   └── iroh-dns v1.3.0
      │       ├── iroh v1.2.0
      │       │   ├── (dev) rustytransfer v0.1.0
      │       │   └── rustytransfer-native v0.1.0
      │       │       └── rustytransfer v0.1.0 (*)
      │       └── iroh-relay v1.2.0
      │           └── iroh v1.2.0 (*)
      └── rustls-platform-verifier v0.7.0
          ├── iroh-metrics v1.0.1
          │   ├── iroh v1.2.0 (*)
          │   └── iroh-relay v1.2.0 (*)
          ├── noq-proto v1.3.0
          │   ├── iroh v1.2.0 (*)
          │   ├── iroh-relay v1.2.0 (*)
          │   └── noq v1.3.0
          │       ├── iroh v1.2.0 (*)
          │       └── iroh-relay v1.2.0 (*)
          └── reqwest v0.13.5
              ├── iroh v1.2.0 (*)
              ├── iroh-metrics v1.0.1 (*)
              ├── iroh-relay v1.2.0 (*)
              ├── n0-dns-resolver v0.1.0 (*)
              └── tokio-rustls-acme v0.9.1
                  └── iroh-relay v1.2.0 (*)

warning[duplicate]: found 2 duplicate entries for crate 'jni-sys'
    ┌─ /mnt/c/Users/wasil/Documents/GitHub/rustytransfer/Cargo.lock:198:1
    │  
198 │ ╭ jni-sys 0.3.1 registry+https://github.com/rust-lang/crates.io-index
199 │ │ jni-sys 0.4.1 registry+https://github.com/rust-lang/crates.io-index
    │ ╰───────────────────────────────────────────────────────────────────┘ lock entries
    │  
    ├ jni-sys v0.3.1
      └── jni v0.21.1
          ├── netdev v0.45.1
          │   └── netwatch v0.19.3
          │       └── iroh v1.2.0
          │           ├── (dev) rustytransfer v0.1.0
          │           └── rustytransfer-native v0.1.0
          │               └── rustytransfer v0.1.0 (*)
          └── netdev v0.46.3
              └── netwatch v0.19.3 (*)
    ├ jni-sys v0.4.1
      ├── jni v0.22.4
      │   ├── n0-dns-resolver v0.1.0
      │   │   └── iroh-dns v1.3.0
      │   │       ├── iroh v1.2.0
      │   │       │   ├── (dev) rustytransfer v0.1.0
      │   │       │   └── rustytransfer-native v0.1.0
      │   │       │       └── rustytransfer v0.1.0 (*)
      │   │       └── iroh-relay v1.2.0
      │   │           └── iroh v1.2.0 (*)
      │   └── rustls-platform-verifier v0.7.0
      │       ├── iroh-metrics v1.0.1
      │       │   ├── iroh v1.2.0 (*)
      │       │   └── iroh-relay v1.2.0 (*)
      │       ├── noq-proto v1.3.0
      │       │   ├── iroh v1.2.0 (*)
      │       │   ├── iroh-relay v1.2.0 (*)
      │       │   └── noq v1.3.0
      │       │       ├── iroh v1.2.0 (*)
      │       │       └── iroh-relay v1.2.0 (*)
      │       └── reqwest v0.13.5
      │           ├── iroh v1.2.0 (*)
      │           ├── iroh-metrics v1.0.1 (*)
      │           ├── iroh-relay v1.2.0 (*)
      │           ├── n0-dns-resolver v0.1.0 (*)
      │           └── tokio-rustls-acme v0.9.1
      │               └── iroh-relay v1.2.0 (*)
      └── jni-sys v0.3.1
          └── jni v0.21.1
              ├── netdev v0.45.1
              │   └── netwatch v0.19.3
              │       └── iroh v1.2.0 (*)
              └── netdev v0.46.3
                  └── netwatch v0.19.3 (*)

warning[duplicate]: found 2 duplicate entries for crate 'linux-raw-sys'
    ┌─ /mnt/c/Users/wasil/Documents/GitHub/rustytransfer/Cargo.lock:206:1
    │  
206 │ ╭ linux-raw-sys 0.4.15 registry+https://github.com/rust-lang/crates.io-index
207 │ │ linux-raw-sys 0.11.0 registry+https://github.com/rust-lang/crates.io-index
    │ ╰──────────────────────────────────────────────────────────────────────────┘ lock entries
    │  
    ├ linux-raw-sys v0.4.15
      └── rustix v0.38.44
          └── crossterm v0.28.1
              ├── ratatui v0.29.0
              │   ├── ratatui-explorer v0.2.1
              │   │   └── rustytransfer v0.1.0
              │   └── rustytransfer v0.1.0 (*)
              └── rustytransfer v0.1.0 (*)
    ├ linux-raw-sys v0.11.0
      └── rustix v1.1.2
          └── tempfile v3.23.0
              └── native-tls v0.2.14
                  ├── hyper-tls v0.6.0
                  │   └── reqwest v0.12.25
                  │       └── rustytransfer-native v0.1.0
                  │           └── rustytransfer v0.1.0
                  ├── reqwest v0.12.25 (*)
                  └── tokio-native-tls v0.3.1
                      ├── hyper-tls v0.6.0 (*)
                      └── reqwest v0.12.25 (*)

warning[duplicate]: found 2 duplicate entries for crate 'lru'
    ┌─ /mnt/c/Users/wasil/Documents/GitHub/rustytransfer/Cargo.lock:212:1
    │  
212 │ ╭ lru 0.12.5 registry+https://github.com/rust-lang/crates.io-index
213 │ │ lru 0.18.4 registry+https://github.com/rust-lang/crates.io-index
    │ ╰────────────────────────────────────────────────────────────────┘ lock entries
    │  
    ├ lru v0.12.5
      └── ratatui v0.29.0
          ├── ratatui-explorer v0.2.1
          │   └── rustytransfer v0.1.0
          └── rustytransfer v0.1.0 (*)
    ├ lru v0.18.4
      ├── iroh-relay v1.2.0
      │   └── iroh v1.2.0
      │       ├── (dev) rustytransfer v0.1.0
      │       └── rustytransfer-native v0.1.0
      │           └── rustytransfer v0.1.0 (*)
      └── n0-dns-resolver v0.1.0
          └── iroh-dns v1.3.0
              ├── iroh v1.2.0 (*)
              └── iroh-relay v1.2.0 (*)

warning[duplicate]: found 2 duplicate entries for crate 'netdev'
    ┌─ /mnt/c/Users/wasil/Documents/GitHub/rustytransfer/Cargo.lock:234:1
    │  
234 │ ╭ netdev 0.45.1 registry+https://github.com/rust-lang/crates.io-index
235 │ │ netdev 0.46.3 registry+https://github.com/rust-lang/crates.io-index
    │ ╰───────────────────────────────────────────────────────────────────┘ lock entries
    │  
    ├ netdev v0.45.1
      └── netwatch v0.19.3
          └── iroh v1.2.0
              ├── (dev) rustytransfer v0.1.0
              └── rustytransfer-native v0.1.0
                  └── rustytransfer v0.1.0 (*)
    ├ netdev v0.46.3
      └── netwatch v0.19.3
          └── iroh v1.2.0
              ├── (dev) rustytransfer v0.1.0
              └── rustytransfer-native v0.1.0
                  └── rustytransfer v0.1.0 (*)

warning[duplicate]: found 2 duplicate entries for crate 'netlink-packet-core'
    ┌─ /mnt/c/Users/wasil/Documents/GitHub/rustytransfer/Cargo.lock:236:1
    │  
236 │ ╭ netlink-packet-core 0.8.2 registry+https://github.com/rust-lang/crates.io-index
237 │ │ netlink-packet-core 0.9.0 registry+https://github.com/rust-lang/crates.io-index
    │ ╰───────────────────────────────────────────────────────────────────────────────┘ lock entries
    │  
    ├ netlink-packet-core v0.8.2
      ├── netdev v0.45.1
      │   └── netwatch v0.19.3
      │       └── iroh v1.2.0
      │           ├── (dev) rustytransfer v0.1.0
      │           └── rustytransfer-native v0.1.0
      │               └── rustytransfer v0.1.0 (*)
      ├── netlink-packet-route v0.31.0
      │   ├── netdev v0.45.1 (*)
      │   └── netwatch v0.19.3 (*)
      ├── netlink-proto v0.12.2
      │   └── netwatch v0.19.3 (*)
      └── netwatch v0.19.3 (*)
    ├ netlink-packet-core v0.9.0
      ├── netdev v0.46.3
      │   └── netwatch v0.19.3
      │       └── iroh v1.2.0
      │           ├── (dev) rustytransfer v0.1.0
      │           └── rustytransfer-native v0.1.0
      │               └── rustytransfer v0.1.0 (*)
      └── netlink-packet-route v0.33.0
          └── netdev v0.46.3 (*)

warning[duplicate]: found 2 duplicate entries for crate 'netlink-packet-route'
    ┌─ /mnt/c/Users/wasil/Documents/GitHub/rustytransfer/Cargo.lock:238:1
    │  
238 │ ╭ netlink-packet-route 0.31.0 registry+https://github.com/rust-lang/crates.io-index
239 │ │ netlink-packet-route 0.33.0 registry+https://github.com/rust-lang/crates.io-index
    │ ╰─────────────────────────────────────────────────────────────────────────────────┘ lock entries
    │  
    ├ netlink-packet-route v0.31.0
      ├── netdev v0.45.1
      │   └── netwatch v0.19.3
      │       └── iroh v1.2.0
      │           ├── (dev) rustytransfer v0.1.0
      │           └── rustytransfer-native v0.1.0
      │               └── rustytransfer v0.1.0 (*)
      └── netwatch v0.19.3 (*)
    ├ netlink-packet-route v0.33.0
      └── netdev v0.46.3
          └── netwatch v0.19.3
              └── iroh v1.2.0
                  ├── (dev) rustytransfer v0.1.0
                  └── rustytransfer-native v0.1.0
                      └── rustytransfer v0.1.0 (*)

warning[duplicate]: found 2 duplicate entries for crate 'netlink-sys'
    ┌─ /mnt/c/Users/wasil/Documents/GitHub/rustytransfer/Cargo.lock:241:1
    │  
241 │ ╭ netlink-sys 0.8.8 registry+https://github.com/rust-lang/crates.io-index
242 │ │ netlink-sys 0.9.0 registry+https://github.com/rust-lang/crates.io-index
    │ ╰───────────────────────────────────────────────────────────────────────┘ lock entries
    │  
    ├ netlink-sys v0.8.8
      ├── netdev v0.45.1
      │   └── netwatch v0.19.3
      │       └── iroh v1.2.0
      │           ├── (dev) rustytransfer v0.1.0
      │           └── rustytransfer-native v0.1.0
      │               └── rustytransfer v0.1.0 (*)
      ├── netlink-proto v0.12.2
      │   └── netwatch v0.19.3 (*)
      └── netwatch v0.19.3 (*)
    ├ netlink-sys v0.9.0
      └── netdev v0.46.3
          └── netwatch v0.19.3
              └── iroh v1.2.0
                  ├── (dev) rustytransfer v0.1.0
                  └── rustytransfer-native v0.1.0
                      └── rustytransfer v0.1.0 (*)

warning[duplicate]: found 2 duplicate entries for crate 'oid-registry'
    ┌─ /mnt/c/Users/wasil/Documents/GitHub/rustytransfer/Cargo.lock:264:1
    │  
264 │ ╭ oid-registry 0.7.1 registry+https://github.com/rust-lang/crates.io-index
265 │ │ oid-registry 0.8.1 registry+https://github.com/rust-lang/crates.io-index
    │ ╰────────────────────────────────────────────────────────────────────────┘ lock entries
    │  
    ├ oid-registry v0.7.1
      └── x509-parser v0.16.0
          ├── rtc v0.21.0
          │   └── webrtc v0.21.0
          │       ├── (dev) rustytransfer v0.1.0
          │       └── rustytransfer-native v0.1.0
          │           └── rustytransfer v0.1.0 (*)
          └── rtc-dtls v0.21.0
              └── rtc v0.21.0 (*)
    ├ oid-registry v0.8.1
      └── x509-parser v0.18.1
          ├── rcgen v0.14.10
          │   ├── iroh-relay v1.2.0
          │   │   └── iroh v1.2.0
          │   │       ├── (dev) rustytransfer v0.1.0
          │   │       └── rustytransfer-native v0.1.0
          │   │           └── rustytransfer v0.1.0 (*)
          │   ├── rtc v0.21.0
          │   │   └── webrtc v0.21.0
          │   │       ├── (dev) rustytransfer v0.1.0 (*)
          │   │       └── rustytransfer-native v0.1.0 (*)
          │   ├── rtc-dtls v0.21.0
          │   │   └── rtc v0.21.0 (*)
          │   └── tokio-rustls-acme v0.9.1
          │       └── iroh-relay v1.2.0 (*)
          └── tokio-rustls-acme v0.9.1 (*)

warning[duplicate]: found 2 duplicate entries for crate 'openssl-probe'
    ┌─ /mnt/c/Users/wasil/Documents/GitHub/rustytransfer/Cargo.lock:271:1
    │  
271 │ ╭ openssl-probe 0.1.6 registry+https://github.com/rust-lang/crates.io-index
272 │ │ openssl-probe 0.2.1 registry+https://github.com/rust-lang/crates.io-index
    │ ╰─────────────────────────────────────────────────────────────────────────┘ lock entries
    │  
    ├ openssl-probe v0.1.6
      └── native-tls v0.2.14
          ├── hyper-tls v0.6.0
          │   └── reqwest v0.12.25
          │       └── rustytransfer-native v0.1.0
          │           └── rustytransfer v0.1.0
          ├── reqwest v0.12.25 (*)
          └── tokio-native-tls v0.3.1
              ├── hyper-tls v0.6.0 (*)
              └── reqwest v0.12.25 (*)
    ├ openssl-probe v0.2.1
      └── rustls-native-certs v0.8.4
          └── rustls-platform-verifier v0.7.0
              ├── iroh-metrics v1.0.1
              │   ├── iroh v1.2.0
              │   │   ├── (dev) rustytransfer v0.1.0
              │   │   └── rustytransfer-native v0.1.0
              │   │       └── rustytransfer v0.1.0 (*)
              │   └── iroh-relay v1.2.0
              │       └── iroh v1.2.0 (*)
              ├── noq-proto v1.3.0
              │   ├── iroh v1.2.0 (*)
              │   ├── iroh-relay v1.2.0 (*)
              │   └── noq v1.3.0
              │       ├── iroh v1.2.0 (*)
              │       └── iroh-relay v1.2.0 (*)
              └── reqwest v0.13.5
                  ├── iroh v1.2.0 (*)
                  ├── iroh-metrics v1.0.1 (*)
                  ├── iroh-relay v1.2.0 (*)
                  ├── n0-dns-resolver v0.1.0
                  │   └── iroh-dns v1.3.0
                  │       ├── iroh v1.2.0 (*)
                  │       └── iroh-relay v1.2.0 (*)
                  └── tokio-rustls-acme v0.9.1
                      └── iroh-relay v1.2.0 (*)

warning[duplicate]: found 2 duplicate entries for crate 'pem'
    ┌─ /mnt/c/Users/wasil/Documents/GitHub/rustytransfer/Cargo.lock:279:1
    │  
279 │ ╭ pem 3.0.6 registry+https://github.com/rust-lang/crates.io-index
280 │ │ pem 4.0.0 registry+https://github.com/rust-lang/crates.io-index
    │ ╰───────────────────────────────────────────────────────────────┘ lock entries
    │  
    ├ pem v3.0.6
      ├── rtc v0.21.0
      │   └── webrtc v0.21.0
      │       ├── (dev) rustytransfer v0.1.0
      │       └── rustytransfer-native v0.1.0
      │           └── rustytransfer v0.1.0 (*)
      ├── rtc-dtls v0.21.0
      │   └── rtc v0.21.0 (*)
      └── tokio-rustls-acme v0.9.1
          └── iroh-relay v1.2.0
              └── iroh v1.2.0
                  ├── (dev) rustytransfer v0.1.0 (*)
                  └── rustytransfer-native v0.1.0 (*)
    ├ pem v4.0.0
      └── rcgen v0.14.10
          ├── iroh-relay v1.2.0
          │   └── iroh v1.2.0
          │       ├── (dev) rustytransfer v0.1.0
          │       └── rustytransfer-native v0.1.0
          │           └── rustytransfer v0.1.0 (*)
          ├── rtc v0.21.0
          │   └── webrtc v0.21.0
          │       ├── (dev) rustytransfer v0.1.0 (*)
          │       └── rustytransfer-native v0.1.0 (*)
          ├── rtc-dtls v0.21.0
          │   └── rtc v0.21.0 (*)
          └── tokio-rustls-acme v0.9.1
              └── iroh-relay v1.2.0 (*)

warning[duplicate]: found 2 duplicate entries for crate 'r-efi'
    ┌─ /mnt/c/Users/wasil/Documents/GitHub/rustytransfer/Cargo.lock:305:1
    │  
305 │ ╭ r-efi 5.3.0 registry+https://github.com/rust-lang/crates.io-index
306 │ │ r-efi 6.0.0 registry+https://github.com/rust-lang/crates.io-index
    │ ╰─────────────────────────────────────────────────────────────────┘ lock entries
    │  
    ├ r-efi v5.3.0
      └── getrandom v0.3.4
          ├── rand_core v0.9.3
          │   ├── rand v0.9.2
          │   │   └── tungstenite v0.28.0
          │   │       └── tokio-tungstenite v0.28.0
          │   │           └── rustytransfer-native v0.1.0
          │   │               └── rustytransfer v0.1.0
          │   └── rand_chacha v0.9.0
          │       └── rand v0.9.2 (*)
          ├── rustytransfer-crypto v0.1.0
          │   ├── rustytransfer v0.1.0 (*)
          │   └── rustytransfer-protocol v0.1.0
          │       ├── rustytransfer v0.1.0 (*)
          │       ├── rustytransfer-native v0.1.0 (*)
          │       └── rustytransfer-transfer v0.1.0
          │           ├── rustytransfer v0.1.0 (*)
          │           └── rustytransfer-native v0.1.0 (*)
          ├── tempfile v3.23.0
          │   └── native-tls v0.2.14
          │       ├── hyper-tls v0.6.0
          │       │   └── reqwest v0.12.25
          │       │       └── rustytransfer-native v0.1.0 (*)
          │       ├── reqwest v0.12.25 (*)
          │       └── tokio-native-tls v0.3.1
          │           ├── hyper-tls v0.6.0 (*)
          │           └── reqwest v0.12.25 (*)
          └── uuid v1.19.0
              ├── rtc-ice v0.21.0
              │   └── rtc v0.21.0
              │       └── webrtc v0.21.0
              │           ├── (dev) rustytransfer v0.1.0 (*)
              │           └── rustytransfer-native v0.1.0 (*)
              ├── (dev) rustytransfer v0.1.0 (*)
              └── (dev) rustytransfer-native v0.1.0 (*)
    ├ r-efi v6.0.0
      └── getrandom v0.4.3
          ├── iroh v1.2.0
          │   ├── (dev) rustytransfer v0.1.0
          │   └── rustytransfer-native v0.1.0
          │       └── rustytransfer v0.1.0 (*)
          ├── iroh-base v1.2.0
          │   ├── iroh v1.2.0 (*)
          │   ├── iroh-dns v1.3.0
          │   │   ├── iroh v1.2.0 (*)
          │   │   └── iroh-relay v1.2.0
          │   │       └── iroh v1.2.0 (*)
          │   └── iroh-relay v1.2.0 (*)
          ├── iroh-relay v1.2.0 (*)
          ├── noq-proto v1.3.0
          │   ├── iroh v1.2.0 (*)
          │   ├── iroh-relay v1.2.0 (*)
          │   └── noq v1.3.0
          │       ├── iroh v1.2.0 (*)
          │       └── iroh-relay v1.2.0 (*)
          ├── rand v0.10.2
          │   ├── iroh v1.2.0 (*)
          │   ├── iroh-base v1.2.0 (*)
          │   ├── iroh-dns v1.3.0 (*)
          │   ├── iroh-relay v1.2.0 (*)
          │   ├── n0-dns-resolver v0.1.0
          │   │   └── iroh-dns v1.3.0 (*)
          │   ├── noq-proto v1.3.0 (*)
          │   ├── rtc v0.21.0
          │   │   └── webrtc v0.21.0
          │   │       ├── (dev) rustytransfer v0.1.0 (*)
          │   │       └── rustytransfer-native v0.1.0 (*)
          │   ├── rtc-crypto v0.21.0
          │   │   ├── rtc v0.21.0 (*)
          │   │   ├── rtc-dtls v0.21.0
          │   │   │   └── rtc v0.21.0 (*)
          │   │   ├── rtc-ice v0.21.0
          │   │   │   └── rtc v0.21.0 (*)
          │   │   ├── rtc-srtp v0.21.0
          │   │   │   └── rtc v0.21.0 (*)
          │   │   ├── rtc-stun v0.21.0
          │   │   │   ├── rtc v0.21.0 (*)
          │   │   │   ├── rtc-ice v0.21.0 (*)
          │   │   │   └── rtc-turn v0.21.0
          │   │   │       └── rtc v0.21.0 (*)
          │   │   └── rtc-turn v0.21.0 (*)
          │   ├── rtc-interceptor v0.21.0
          │   │   └── rtc v0.21.0 (*)
          │   ├── rtc-media v0.21.0
          │   │   └── rtc v0.21.0 (*)
          │   ├── rtc-rtp v0.21.0
          │   │   ├── rtc v0.21.0 (*)
          │   │   ├── rtc-interceptor v0.21.0 (*)
          │   │   ├── rtc-media v0.21.0 (*)
          │   │   └── rtc-srtp v0.21.0 (*)
          │   ├── rtc-sctp v0.21.0
          │   │   ├── rtc v0.21.0 (*)
          │   │   └── rtc-datachannel v0.21.0
          │   │       └── rtc v0.21.0 (*)
          │   ├── rtc-sdp v0.21.0
          │   │   └── rtc v0.21.0 (*)
          │   ├── rtc-shared v0.21.0
          │   │   ├── rtc v0.21.0 (*)
          │   │   ├── rtc-datachannel v0.21.0 (*)
          │   │   ├── rtc-dtls v0.21.0 (*)
          │   │   ├── rtc-ice v0.21.0 (*)
          │   │   ├── rtc-interceptor v0.21.0 (*)
          │   │   ├── rtc-mdns v0.21.0
          │   │   │   ├── rtc v0.21.0 (*)
          │   │   │   └── rtc-ice v0.21.0 (*)
          │   │   ├── rtc-media v0.21.0 (*)
          │   │   ├── rtc-rtcp v0.21.0
          │   │   │   ├── rtc v0.21.0 (*)
          │   │   │   ├── rtc-interceptor v0.21.0 (*)
          │   │   │   └── rtc-srtp v0.21.0 (*)
          │   │   ├── rtc-rtp v0.21.0 (*)
          │   │   ├── rtc-sctp v0.21.0 (*)
          │   │   ├── rtc-sdp v0.21.0 (*)
          │   │   ├── rtc-srtp v0.21.0 (*)
          │   │   ├── rtc-stun v0.21.0 (*)
          │   │   └── rtc-turn v0.21.0 (*)
          │   ├── rtc-stun v0.21.0 (*)
          │   └── tokio-websockets v0.13.3
          │       └── iroh-relay v1.2.0 (*)
          └── tokio-websockets v0.13.3 (*)

warning[duplicate]: found 3 duplicate entries for crate 'rand'
    ┌─ /mnt/c/Users/wasil/Documents/GitHub/rustytransfer/Cargo.lock:308:1
    │  
308 │ ╭ rand 0.8.6 registry+https://github.com/rust-lang/crates.io-index
309 │ │ rand 0.9.2 registry+https://github.com/rust-lang/crates.io-index
310 │ │ rand 0.10.2 registry+https://github.com/rust-lang/crates.io-index
    │ ╰─────────────────────────────────────────────────────────────────┘ lock entries
    │  
    ├ rand v0.8.6
      ├── rustytransfer v0.1.0
      └── rustytransfer-native v0.1.0
          └── rustytransfer v0.1.0 (*)
    ├ rand v0.9.2
      └── tungstenite v0.28.0
          └── tokio-tungstenite v0.28.0
              └── rustytransfer-native v0.1.0
                  └── rustytransfer v0.1.0
    ├ rand v0.10.2
      ├── iroh v1.2.0
      │   ├── (dev) rustytransfer v0.1.0
      │   └── rustytransfer-native v0.1.0
      │       └── rustytransfer v0.1.0 (*)
      ├── iroh-base v1.2.0
      │   ├── iroh v1.2.0 (*)
      │   ├── iroh-dns v1.3.0
      │   │   ├── iroh v1.2.0 (*)
      │   │   └── iroh-relay v1.2.0
      │   │       └── iroh v1.2.0 (*)
      │   └── iroh-relay v1.2.0 (*)
      ├── iroh-dns v1.3.0 (*)
      ├── iroh-relay v1.2.0 (*)
      ├── n0-dns-resolver v0.1.0
      │   └── iroh-dns v1.3.0 (*)
      ├── noq-proto v1.3.0
      │   ├── iroh v1.2.0 (*)
      │   ├── iroh-relay v1.2.0 (*)
      │   └── noq v1.3.0
      │       ├── iroh v1.2.0 (*)
      │       └── iroh-relay v1.2.0 (*)
      ├── rtc v0.21.0
      │   └── webrtc v0.21.0
      │       ├── (dev) rustytransfer v0.1.0 (*)
      │       └── rustytransfer-native v0.1.0 (*)
      ├── rtc-crypto v0.21.0
      │   ├── rtc v0.21.0 (*)
      │   ├── rtc-dtls v0.21.0
      │   │   └── rtc v0.21.0 (*)
      │   ├── rtc-ice v0.21.0
      │   │   └── rtc v0.21.0 (*)
      │   ├── rtc-srtp v0.21.0
      │   │   └── rtc v0.21.0 (*)
      │   ├── rtc-stun v0.21.0
      │   │   ├── rtc v0.21.0 (*)
      │   │   ├── rtc-ice v0.21.0 (*)
      │   │   └── rtc-turn v0.21.0
      │   │       └── rtc v0.21.0 (*)
      │   └── rtc-turn v0.21.0 (*)
      ├── rtc-interceptor v0.21.0
      │   └── rtc v0.21.0 (*)
      ├── rtc-media v0.21.0
      │   └── rtc v0.21.0 (*)
      ├── rtc-rtp v0.21.0
      │   ├── rtc v0.21.0 (*)
      │   ├── rtc-interceptor v0.21.0 (*)
      │   ├── rtc-media v0.21.0 (*)
      │   └── rtc-srtp v0.21.0 (*)
      ├── rtc-sctp v0.21.0
      │   ├── rtc v0.21.0 (*)
      │   └── rtc-datachannel v0.21.0
      │       └── rtc v0.21.0 (*)
      ├── rtc-sdp v0.21.0
      │   └── rtc v0.21.0 (*)
      ├── rtc-shared v0.21.0
      │   ├── rtc v0.21.0 (*)
      │   ├── rtc-datachannel v0.21.0 (*)
      │   ├── rtc-dtls v0.21.0 (*)
      │   ├── rtc-ice v0.21.0 (*)
      │   ├── rtc-interceptor v0.21.0 (*)
      │   ├── rtc-mdns v0.21.0
      │   │   ├── rtc v0.21.0 (*)
      │   │   └── rtc-ice v0.21.0 (*)
      │   ├── rtc-media v0.21.0 (*)
      │   ├── rtc-rtcp v0.21.0
      │   │   ├── rtc v0.21.0 (*)
      │   │   ├── rtc-interceptor v0.21.0 (*)
      │   │   └── rtc-srtp v0.21.0 (*)
      │   ├── rtc-rtp v0.21.0 (*)
      │   ├── rtc-sctp v0.21.0 (*)
      │   ├── rtc-sdp v0.21.0 (*)
      │   ├── rtc-srtp v0.21.0 (*)
      │   ├── rtc-stun v0.21.0 (*)
      │   └── rtc-turn v0.21.0 (*)
      ├── rtc-stun v0.21.0 (*)
      └── tokio-websockets v0.13.3
          └── iroh-relay v1.2.0 (*)

warning[duplicate]: found 2 duplicate entries for crate 'rand_chacha'
    ┌─ /mnt/c/Users/wasil/Documents/GitHub/rustytransfer/Cargo.lock:311:1
    │  
311 │ ╭ rand_chacha 0.3.1 registry+https://github.com/rust-lang/crates.io-index
312 │ │ rand_chacha 0.9.0 registry+https://github.com/rust-lang/crates.io-index
    │ ╰───────────────────────────────────────────────────────────────────────┘ lock entries
    │  
    ├ rand_chacha v0.3.1
      └── rand v0.8.6
          ├── rustytransfer v0.1.0
          └── rustytransfer-native v0.1.0
              └── rustytransfer v0.1.0 (*)
    ├ rand_chacha v0.9.0
      └── rand v0.9.2
          └── tungstenite v0.28.0
              └── tokio-tungstenite v0.28.0
                  └── rustytransfer-native v0.1.0
                      └── rustytransfer v0.1.0

warning[duplicate]: found 3 duplicate entries for crate 'rand_core'
    ┌─ /mnt/c/Users/wasil/Documents/GitHub/rustytransfer/Cargo.lock:313:1
    │  
313 │ ╭ rand_core 0.6.4 registry+https://github.com/rust-lang/crates.io-index
314 │ │ rand_core 0.9.3 registry+https://github.com/rust-lang/crates.io-index
315 │ │ rand_core 0.10.1 registry+https://github.com/rust-lang/crates.io-index
    │ ╰──────────────────────────────────────────────────────────────────────┘ lock entries
    │  
    ├ rand_core v0.6.4
      ├── crypto-common v0.1.7
      │   ├── aead v0.5.2
      │   │   ├── aes-gcm v0.10.3
      │   │   │   ├── noq-proto v1.3.0
      │   │   │   │   ├── iroh v1.2.0
      │   │   │   │   │   ├── (dev) rustytransfer v0.1.0
      │   │   │   │   │   └── rustytransfer-native v0.1.0
      │   │   │   │   │       └── rustytransfer v0.1.0 (*)
      │   │   │   │   ├── iroh-relay v1.2.0
      │   │   │   │   │   └── iroh v1.2.0 (*)
      │   │   │   │   └── noq v1.3.0
      │   │   │   │       ├── iroh v1.2.0 (*)
      │   │   │   │       └── iroh-relay v1.2.0 (*)
      │   │   │   └── rustytransfer-crypto v0.1.0
      │   │   │       ├── rustytransfer v0.1.0 (*)
      │   │   │       └── rustytransfer-protocol v0.1.0
      │   │   │           ├── rustytransfer v0.1.0 (*)
      │   │   │           ├── rustytransfer-native v0.1.0 (*)
      │   │   │           └── rustytransfer-transfer v0.1.0
      │   │   │               ├── rustytransfer v0.1.0 (*)
      │   │   │               └── rustytransfer-native v0.1.0 (*)
      │   │   └── ccm v0.5.0
      │   │       └── rtc-crypto v0.21.0
      │   │           ├── rtc v0.21.0
      │   │           │   └── webrtc v0.21.0
      │   │           │       ├── (dev) rustytransfer v0.1.0 (*)
      │   │           │       └── rustytransfer-native v0.1.0 (*)
      │   │           ├── rtc-dtls v0.21.0
      │   │           │   └── rtc v0.21.0 (*)
      │   │           ├── rtc-ice v0.21.0
      │   │           │   └── rtc v0.21.0 (*)
      │   │           ├── rtc-srtp v0.21.0
      │   │           │   └── rtc v0.21.0 (*)
      │   │           ├── rtc-stun v0.21.0
      │   │           │   ├── rtc v0.21.0 (*)
      │   │           │   ├── rtc-ice v0.21.0 (*)
      │   │           │   └── rtc-turn v0.21.0
      │   │           │       └── rtc v0.21.0 (*)
      │   │           └── rtc-turn v0.21.0 (*)
      │   ├── cipher v0.4.4
      │   │   ├── aes v0.8.4
      │   │   │   ├── aes-gcm v0.10.3 (*)
      │   │   │   └── rtc-crypto v0.21.0 (*)
      │   │   ├── aes-gcm v0.10.3 (*)
      │   │   ├── ccm v0.5.0 (*)
      │   │   └── ctr v0.9.2
      │   │       ├── aes-gcm v0.10.3 (*)
      │   │       ├── ccm v0.5.0 (*)
      │   │       └── rtc-crypto v0.21.0 (*)
      │   ├── digest v0.10.7
      │   │   ├── hmac v0.12.1
      │   │   │   ├── hkdf v0.12.4
      │   │   │   │   └── spake2 v0.4.0
      │   │   │   │       └── rustytransfer-crypto v0.1.0 (*)
      │   │   │   ├── rtc-crypto v0.21.0 (*)
      │   │   │   └── rustytransfer-crypto v0.1.0 (*)
      │   │   ├── md-5 v0.10.6
      │   │   │   └── rtc-crypto v0.21.0 (*)
      │   │   ├── sha1 v0.10.6
      │   │   │   ├── rtc-crypto v0.21.0 (*)
      │   │   │   └── tungstenite v0.28.0
      │   │   │       └── tokio-tungstenite v0.28.0
      │   │   │           └── rustytransfer-native v0.1.0 (*)
      │   │   ├── sha2 v0.10.9
      │   │   │   └── spake2 v0.4.0 (*)
      │   │   └── sha3 v0.10.8
      │   │       ├── ml-kem v0.2.1
      │   │       │   ├── (dev) rustytransfer v0.1.0 (*)
      │   │       │   ├── rustytransfer-crypto v0.1.0 (*)
      │   │       │   └── rustytransfer-protocol v0.1.0 (*)
      │   │       ├── rustytransfer-crypto v0.1.0 (*)
      │   │       ├── rustytransfer-protocol v0.1.0 (*)
      │   │       └── rustytransfer-transfer v0.1.0 (*)
      │   └── universal-hash v0.5.1
      │       └── polyval v0.6.2
      │           └── ghash v0.5.1
      │               └── aes-gcm v0.10.3 (*)
      ├── curve25519-dalek v4.1.3
      │   └── spake2 v0.4.0 (*)
      ├── kem v0.3.0-pre.0
      │   └── ml-kem v0.2.1 (*)
      ├── ml-kem v0.2.1 (*)
      ├── rand v0.8.6
      │   ├── rustytransfer v0.1.0 (*)
      │   └── rustytransfer-native v0.1.0 (*)
      ├── rand_chacha v0.3.1
      │   └── rand v0.8.6 (*)
      ├── rustytransfer-crypto v0.1.0 (*)
      └── spake2 v0.4.0 (*)
    ├ rand_core v0.9.3
      ├── rand v0.9.2
      │   └── tungstenite v0.28.0
      │       └── tokio-tungstenite v0.28.0
      │           └── rustytransfer-native v0.1.0
      │               └── rustytransfer v0.1.0
      └── rand_chacha v0.9.0
          └── rand v0.9.2 (*)
    ├ rand_core v0.10.1
      ├── chacha20 v0.10.2
      │   └── rand v0.10.2
      │       ├── iroh v1.2.0
      │       │   ├── (dev) rustytransfer v0.1.0
      │       │   └── rustytransfer-native v0.1.0
      │       │       └── rustytransfer v0.1.0 (*)
      │       ├── iroh-base v1.2.0
      │       │   ├── iroh v1.2.0 (*)
      │       │   ├── iroh-dns v1.3.0
      │       │   │   ├── iroh v1.2.0 (*)
      │       │   │   └── iroh-relay v1.2.0
      │       │   │       └── iroh v1.2.0 (*)
      │       │   └── iroh-relay v1.2.0 (*)
      │       ├── iroh-dns v1.3.0 (*)
      │       ├── iroh-relay v1.2.0 (*)
      │       ├── n0-dns-resolver v0.1.0
      │       │   └── iroh-dns v1.3.0 (*)
      │       ├── noq-proto v1.3.0
      │       │   ├── iroh v1.2.0 (*)
      │       │   ├── iroh-relay v1.2.0 (*)
      │       │   └── noq v1.3.0
      │       │       ├── iroh v1.2.0 (*)
      │       │       └── iroh-relay v1.2.0 (*)
      │       ├── rtc v0.21.0
      │       │   └── webrtc v0.21.0
      │       │       ├── (dev) rustytransfer v0.1.0 (*)
      │       │       └── rustytransfer-native v0.1.0 (*)
      │       ├── rtc-crypto v0.21.0
      │       │   ├── rtc v0.21.0 (*)
      │       │   ├── rtc-dtls v0.21.0
      │       │   │   └── rtc v0.21.0 (*)
      │       │   ├── rtc-ice v0.21.0
      │       │   │   └── rtc v0.21.0 (*)
      │       │   ├── rtc-srtp v0.21.0
      │       │   │   └── rtc v0.21.0 (*)
      │       │   ├── rtc-stun v0.21.0
      │       │   │   ├── rtc v0.21.0 (*)
      │       │   │   ├── rtc-ice v0.21.0 (*)
      │       │   │   └── rtc-turn v0.21.0
      │       │   │       └── rtc v0.21.0 (*)
      │       │   └── rtc-turn v0.21.0 (*)
      │       ├── rtc-interceptor v0.21.0
      │       │   └── rtc v0.21.0 (*)
      │       ├── rtc-media v0.21.0
      │       │   └── rtc v0.21.0 (*)
      │       ├── rtc-rtp v0.21.0
      │       │   ├── rtc v0.21.0 (*)
      │       │   ├── rtc-interceptor v0.21.0 (*)
      │       │   ├── rtc-media v0.21.0 (*)
      │       │   └── rtc-srtp v0.21.0 (*)
      │       ├── rtc-sctp v0.21.0
      │       │   ├── rtc v0.21.0 (*)
      │       │   └── rtc-datachannel v0.21.0
      │       │       └── rtc v0.21.0 (*)
      │       ├── rtc-sdp v0.21.0
      │       │   └── rtc v0.21.0 (*)
      │       ├── rtc-shared v0.21.0
      │       │   ├── rtc v0.21.0 (*)
      │       │   ├── rtc-datachannel v0.21.0 (*)
      │       │   ├── rtc-dtls v0.21.0 (*)
      │       │   ├── rtc-ice v0.21.0 (*)
      │       │   ├── rtc-interceptor v0.21.0 (*)
      │       │   ├── rtc-mdns v0.21.0
      │       │   │   ├── rtc v0.21.0 (*)
      │       │   │   └── rtc-ice v0.21.0 (*)
      │       │   ├── rtc-media v0.21.0 (*)
      │       │   ├── rtc-rtcp v0.21.0
      │       │   │   ├── rtc v0.21.0 (*)
      │       │   │   ├── rtc-interceptor v0.21.0 (*)
      │       │   │   └── rtc-srtp v0.21.0 (*)
      │       │   ├── rtc-rtp v0.21.0 (*)
      │       │   ├── rtc-sctp v0.21.0 (*)
      │       │   ├── rtc-sdp v0.21.0 (*)
      │       │   ├── rtc-srtp v0.21.0 (*)
      │       │   ├── rtc-stun v0.21.0 (*)
      │       │   └── rtc-turn v0.21.0 (*)
      │       ├── rtc-stun v0.21.0 (*)
      │       └── tokio-websockets v0.13.3
      │           └── iroh-relay v1.2.0 (*)
      ├── crypto-common v0.2.2
      │   └── digest v0.11.3
      │       ├── curve25519-dalek v5.0.0
      │       │   ├── ed25519-dalek v3.0.0
      │       │   │   ├── iroh v1.2.0 (*)
      │       │   │   └── iroh-base v1.2.0 (*)
      │       │   └── iroh-base v1.2.0 (*)
      │       ├── sha1 v0.11.0
      │       │   └── iroh-relay v1.2.0 (*)
      │       └── sha2 v0.11.0
      │           └── ed25519-dalek v3.0.0 (*)
      ├── curve25519-dalek v5.0.0 (*)
      ├── ed25519-dalek v3.0.0 (*)
      ├── getrandom v0.4.3
      │   ├── iroh v1.2.0 (*)
      │   ├── iroh-base v1.2.0 (*)
      │   ├── iroh-relay v1.2.0 (*)
      │   ├── noq-proto v1.3.0 (*)
      │   ├── rand v0.10.2 (*)
      │   └── tokio-websockets v0.13.3 (*)
      ├── rand v0.10.2 (*)
      ├── rand_pcg v0.10.2
      │   └── noq-proto v1.3.0 (*)
      └── signature v3.0.0
          ├── ed25519 v3.0.0
          │   └── ed25519-dalek v3.0.0 (*)
          └── ed25519-dalek v3.0.0 (*)

warning[duplicate]: found 2 duplicate entries for crate 'reqwest'
    ┌─ /mnt/c/Users/wasil/Documents/GitHub/rustytransfer/Cargo.lock:326:1
    │  
326 │ ╭ reqwest 0.12.25 registry+https://github.com/rust-lang/crates.io-index
327 │ │ reqwest 0.13.5 registry+https://github.com/rust-lang/crates.io-index
    │ ╰────────────────────────────────────────────────────────────────────┘ lock entries
    │  
    ├ reqwest v0.12.25
      └── rustytransfer-native v0.1.0
          └── rustytransfer v0.1.0
    ├ reqwest v0.13.5
      ├── iroh v1.2.0
      │   ├── (dev) rustytransfer v0.1.0
      │   └── rustytransfer-native v0.1.0
      │       └── rustytransfer v0.1.0 (*)
      ├── iroh-metrics v1.0.1
      │   ├── iroh v1.2.0 (*)
      │   └── iroh-relay v1.2.0
      │       └── iroh v1.2.0 (*)
      ├── iroh-relay v1.2.0 (*)
      ├── n0-dns-resolver v0.1.0
      │   └── iroh-dns v1.3.0
      │       ├── iroh v1.2.0 (*)
      │       └── iroh-relay v1.2.0 (*)
      └── tokio-rustls-acme v0.9.1
          └── iroh-relay v1.2.0 (*)

warning[duplicate]: found 2 duplicate entries for crate 'rustix'
    ┌─ /mnt/c/Users/wasil/Documents/GitHub/rustytransfer/Cargo.lock:350:1
    │  
350 │ ╭ rustix 0.38.44 registry+https://github.com/rust-lang/crates.io-index
351 │ │ rustix 1.1.2 registry+https://github.com/rust-lang/crates.io-index
    │ ╰──────────────────────────────────────────────────────────────────┘ lock entries
    │  
    ├ rustix v0.38.44
      └── crossterm v0.28.1
          ├── ratatui v0.29.0
          │   ├── ratatui-explorer v0.2.1
          │   │   └── rustytransfer v0.1.0
          │   └── rustytransfer v0.1.0 (*)
          └── rustytransfer v0.1.0 (*)
    ├ rustix v1.1.2
      └── tempfile v3.23.0
          └── native-tls v0.2.14
              ├── hyper-tls v0.6.0
              │   └── reqwest v0.12.25
              │       └── rustytransfer-native v0.1.0
              │           └── rustytransfer v0.1.0
              ├── reqwest v0.12.25 (*)
              └── tokio-native-tls v0.3.1
                  ├── hyper-tls v0.6.0 (*)
                  └── reqwest v0.12.25 (*)

warning[duplicate]: found 2 duplicate entries for crate 'security-framework'
    ┌─ /mnt/c/Users/wasil/Documents/GitHub/rustytransfer/Cargo.lock:373:1
    │  
373 │ ╭ security-framework 2.11.1 registry+https://github.com/rust-lang/crates.io-index
374 │ │ security-framework 3.5.1 registry+https://github.com/rust-lang/crates.io-index
    │ ╰──────────────────────────────────────────────────────────────────────────────┘ lock entries
    │  
    ├ security-framework v2.11.1
      └── native-tls v0.2.14
          ├── hyper-tls v0.6.0
          │   └── reqwest v0.12.25
          │       └── rustytransfer-native v0.1.0
          │           └── rustytransfer v0.1.0
          ├── reqwest v0.12.25 (*)
          └── tokio-native-tls v0.3.1
              ├── hyper-tls v0.6.0 (*)
              └── reqwest v0.12.25 (*)
    ├ security-framework v3.5.1
      ├── rustls-native-certs v0.8.4
      │   └── rustls-platform-verifier v0.7.0
      │       ├── iroh-metrics v1.0.1
      │       │   ├── iroh v1.2.0
      │       │   │   ├── (dev) rustytransfer v0.1.0
      │       │   │   └── rustytransfer-native v0.1.0
      │       │   │       └── rustytransfer v0.1.0 (*)
      │       │   └── iroh-relay v1.2.0
      │       │       └── iroh v1.2.0 (*)
      │       ├── noq-proto v1.3.0
      │       │   ├── iroh v1.2.0 (*)
      │       │   ├── iroh-relay v1.2.0 (*)
      │       │   └── noq v1.3.0
      │       │       ├── iroh v1.2.0 (*)
      │       │       └── iroh-relay v1.2.0 (*)
      │       └── reqwest v0.13.5
      │           ├── iroh v1.2.0 (*)
      │           ├── iroh-metrics v1.0.1 (*)
      │           ├── iroh-relay v1.2.0 (*)
      │           ├── n0-dns-resolver v0.1.0
      │           │   └── iroh-dns v1.3.0
      │           │       ├── iroh v1.2.0 (*)
      │           │       └── iroh-relay v1.2.0 (*)
      │           └── tokio-rustls-acme v0.9.1
      │               └── iroh-relay v1.2.0 (*)
      └── rustls-platform-verifier v0.7.0 (*)

warning[duplicate]: found 2 duplicate entries for crate 'sha1'
    ┌─ /mnt/c/Users/wasil/Documents/GitHub/rustytransfer/Cargo.lock:388:1
    │  
388 │ ╭ sha1 0.10.6 registry+https://github.com/rust-lang/crates.io-index
389 │ │ sha1 0.11.0 registry+https://github.com/rust-lang/crates.io-index
    │ ╰─────────────────────────────────────────────────────────────────┘ lock entries
    │  
    ├ sha1 v0.10.6
      ├── rtc-crypto v0.21.0
      │   ├── rtc v0.21.0
      │   │   └── webrtc v0.21.0
      │   │       ├── (dev) rustytransfer v0.1.0
      │   │       └── rustytransfer-native v0.1.0
      │   │           └── rustytransfer v0.1.0 (*)
      │   ├── rtc-dtls v0.21.0
      │   │   └── rtc v0.21.0 (*)
      │   ├── rtc-ice v0.21.0
      │   │   └── rtc v0.21.0 (*)
      │   ├── rtc-srtp v0.21.0
      │   │   └── rtc v0.21.0 (*)
      │   ├── rtc-stun v0.21.0
      │   │   ├── rtc v0.21.0 (*)
      │   │   ├── rtc-ice v0.21.0 (*)
      │   │   └── rtc-turn v0.21.0
      │   │       └── rtc v0.21.0 (*)
      │   └── rtc-turn v0.21.0 (*)
      └── tungstenite v0.28.0
          └── tokio-tungstenite v0.28.0
              └── rustytransfer-native v0.1.0 (*)
    ├ sha1 v0.11.0
      └── iroh-relay v1.2.0
          └── iroh v1.2.0
              ├── (dev) rustytransfer v0.1.0
              └── rustytransfer-native v0.1.0
                  └── rustytransfer v0.1.0 (*)

warning[duplicate]: found 2 duplicate entries for crate 'sha2'
    ┌─ /mnt/c/Users/wasil/Documents/GitHub/rustytransfer/Cargo.lock:391:1
    │  
391 │ ╭ sha2 0.10.9 registry+https://github.com/rust-lang/crates.io-index
392 │ │ sha2 0.11.0 registry+https://github.com/rust-lang/crates.io-index
    │ ╰─────────────────────────────────────────────────────────────────┘ lock entries
    │  
    ├ sha2 v0.10.9
      └── spake2 v0.4.0
          └── rustytransfer-crypto v0.1.0
              ├── rustytransfer v0.1.0
              └── rustytransfer-protocol v0.1.0
                  ├── rustytransfer v0.1.0 (*)
                  ├── rustytransfer-native v0.1.0
                  │   └── rustytransfer v0.1.0 (*)
                  └── rustytransfer-transfer v0.1.0
                      ├── rustytransfer v0.1.0 (*)
                      └── rustytransfer-native v0.1.0 (*)
    ├ sha2 v0.11.0
      └── ed25519-dalek v3.0.0
          ├── iroh v1.2.0
          │   ├── (dev) rustytransfer v0.1.0
          │   └── rustytransfer-native v0.1.0
          │       └── rustytransfer v0.1.0 (*)
          └── iroh-base v1.2.0
              ├── iroh v1.2.0 (*)
              ├── iroh-dns v1.3.0
              │   ├── iroh v1.2.0 (*)
              │   └── iroh-relay v1.2.0
              │       └── iroh v1.2.0 (*)
              └── iroh-relay v1.2.0 (*)

warning[duplicate]: found 2 duplicate entries for crate 'strum'
    ┌─ /mnt/c/Users/wasil/Documents/GitHub/rustytransfer/Cargo.lock:414:1
    │  
414 │ ╭ strum 0.26.3 registry+https://github.com/rust-lang/crates.io-index
415 │ │ strum 0.28.0 registry+https://github.com/rust-lang/crates.io-index
    │ ╰──────────────────────────────────────────────────────────────────┘ lock entries
    │  
    ├ strum v0.26.3
      └── ratatui v0.29.0
          ├── ratatui-explorer v0.2.1
          │   └── rustytransfer v0.1.0
          └── rustytransfer v0.1.0 (*)
    ├ strum v0.28.0
      ├── iroh v1.2.0
      │   ├── (dev) rustytransfer v0.1.0
      │   └── rustytransfer-native v0.1.0
      │       └── rustytransfer v0.1.0 (*)
      ├── iroh-dns v1.3.0
      │   ├── iroh v1.2.0 (*)
      │   └── iroh-relay v1.2.0
      │       └── iroh v1.2.0 (*)
      └── iroh-relay v1.2.0 (*)

warning[duplicate]: found 2 duplicate entries for crate 'strum_macros'
    ┌─ /mnt/c/Users/wasil/Documents/GitHub/rustytransfer/Cargo.lock:416:1
    │  
416 │ ╭ strum_macros 0.26.4 registry+https://github.com/rust-lang/crates.io-index
417 │ │ strum_macros 0.28.0 registry+https://github.com/rust-lang/crates.io-index
    │ ╰─────────────────────────────────────────────────────────────────────────┘ lock entries
    │  
    ├ strum_macros v0.26.4
      └── strum v0.26.3
          └── ratatui v0.29.0
              ├── ratatui-explorer v0.2.1
              │   └── rustytransfer v0.1.0
              └── rustytransfer v0.1.0 (*)
    ├ strum_macros v0.28.0
      └── strum v0.28.0
          ├── iroh v1.2.0
          │   ├── (dev) rustytransfer v0.1.0
          │   └── rustytransfer-native v0.1.0
          │       └── rustytransfer v0.1.0 (*)
          ├── iroh-dns v1.3.0
          │   ├── iroh v1.2.0 (*)
          │   └── iroh-relay v1.2.0
          │       └── iroh v1.2.0 (*)
          └── iroh-relay v1.2.0 (*)

warning[duplicate]: found 2 duplicate entries for crate 'syn'
    ┌─ /mnt/c/Users/wasil/Documents/GitHub/rustytransfer/Cargo.lock:420:1
    │  
420 │ ╭ syn 2.0.111 registry+https://github.com/rust-lang/crates.io-index
421 │ │ syn 3.0.6 registry+https://github.com/rust-lang/crates.io-index
    │ ╰───────────────────────────────────────────────────────────────┘ lock entries
    │  
    ├ syn v2.0.111
      ├── asn1-rs-derive v0.5.1
      │   └── asn1-rs v0.6.2
      │       ├── der-parser v9.0.0
      │       │   ├── rtc-dtls v0.21.0
      │       │   │   └── rtc v0.21.0
      │       │   │       └── webrtc v0.21.0
      │       │   │           ├── (dev) rustytransfer v0.1.0
      │       │   │           └── rustytransfer-native v0.1.0
      │       │   │               └── rustytransfer v0.1.0 (*)
      │       │   └── x509-parser v0.16.0
      │       │       ├── rtc v0.21.0 (*)
      │       │       └── rtc-dtls v0.21.0 (*)
      │       ├── oid-registry v0.7.1
      │       │   └── x509-parser v0.16.0 (*)
      │       └── x509-parser v0.16.0 (*)
      ├── asn1-rs-derive v0.6.0
      │   └── asn1-rs v0.7.2
      │       ├── der-parser v10.0.0
      │       │   └── x509-parser v0.18.1
      │       │       ├── rcgen v0.14.10
      │       │       │   ├── iroh-relay v1.2.0
      │       │       │   │   └── iroh v1.2.0
      │       │       │   │       ├── (dev) rustytransfer v0.1.0 (*)
      │       │       │   │       └── rustytransfer-native v0.1.0 (*)
      │       │       │   ├── rtc v0.21.0 (*)
      │       │       │   ├── rtc-dtls v0.21.0 (*)
      │       │       │   └── tokio-rustls-acme v0.9.1
      │       │       │       └── iroh-relay v1.2.0 (*)
      │       │       └── tokio-rustls-acme v0.9.1 (*)
      │       ├── oid-registry v0.8.1
      │       │   └── x509-parser v0.18.1 (*)
      │       └── x509-parser v0.18.1 (*)
      ├── asn1-rs-impl v0.2.0
      │   ├── asn1-rs v0.6.2 (*)
      │   └── asn1-rs v0.7.2 (*)
      ├── clap_derive v4.5.49
      │   └── clap v4.5.54
      │       ├── iroh-relay v1.2.0 (*)
      │       ├── rustytransfer v0.1.0 (*)
      │       └── rustytransfer-native v0.1.0 (*)
      ├── curve25519-dalek-derive v0.1.1
      │   ├── curve25519-dalek v4.1.3
      │   │   └── spake2 v0.4.0
      │   │       └── rustytransfer-crypto v0.1.0
      │   │           ├── rustytransfer v0.1.0 (*)
      │   │           └── rustytransfer-protocol v0.1.0
      │   │               ├── rustytransfer v0.1.0 (*)
      │   │               ├── rustytransfer-native v0.1.0 (*)
      │   │               └── rustytransfer-transfer v0.1.0
      │   │                   ├── rustytransfer v0.1.0 (*)
      │   │                   └── rustytransfer-native v0.1.0 (*)
      │   └── curve25519-dalek v5.0.0
      │       ├── ed25519-dalek v3.0.0
      │       │   ├── iroh v1.2.0 (*)
      │       │   └── iroh-base v1.2.0
      │       │       ├── iroh v1.2.0 (*)
      │       │       ├── iroh-dns v1.3.0
      │       │       │   ├── iroh v1.2.0 (*)
      │       │       │   └── iroh-relay v1.2.0 (*)
      │       │       └── iroh-relay v1.2.0 (*)
      │       └── iroh-base v1.2.0 (*)
      ├── darling_core v0.23.0
      │   ├── darling v0.23.0
      │   │   └── instability v0.3.11
      │   │       └── ratatui v0.29.0
      │   │           ├── ratatui-explorer v0.2.1
      │   │           │   └── rustytransfer v0.1.0 (*)
      │   │           └── rustytransfer v0.1.0 (*)
      │   └── darling_macro v0.23.0
      │       └── darling v0.23.0 (*)
      ├── darling_macro v0.23.0 (*)
      ├── derive_more-impl v2.1.1
      │   └── derive_more v2.1.1
      │       ├── iroh v1.2.0 (*)
      │       ├── iroh-base v1.2.0 (*)
      │       ├── iroh-dns v1.3.0 (*)
      │       ├── iroh-relay v1.2.0 (*)
      │       ├── n0-dns-resolver v0.1.0
      │       │   └── iroh-dns v1.3.0 (*)
      │       ├── n0-future v0.3.2
      │       │   ├── iroh v1.2.0 (*)
      │       │   ├── iroh-dns v1.3.0 (*)
      │       │   ├── iroh-relay v1.2.0 (*)
      │       │   ├── n0-dns-resolver v0.1.0 (*)
      │       │   ├── n0-watcher v1.0.0
      │       │   │   ├── iroh v1.2.0 (*)
      │       │   │   └── netwatch v0.19.3
      │       │   │       └── iroh v1.2.0 (*)
      │       │   └── netwatch v0.19.3 (*)
      │       ├── n0-watcher v1.0.0 (*)
      │       ├── netwatch v0.19.3 (*)
      │       ├── noq v1.3.0
      │       │   ├── iroh v1.2.0 (*)
      │       │   └── iroh-relay v1.2.0 (*)
      │       └── noq-proto v1.3.0
      │           ├── iroh v1.2.0 (*)
      │           ├── iroh-relay v1.2.0 (*)
      │           └── noq v1.3.0 (*)
      ├── displaydoc v0.2.5
      │   ├── asn1-rs v0.6.2 (*)
      │   ├── asn1-rs v0.7.2 (*)
      │   ├── der-parser v10.0.0 (*)
      │   ├── der-parser v9.0.0 (*)
      │   ├── icu_collections v2.1.1
      │   │   ├── icu_normalizer v2.1.1
      │   │   │   └── idna_adapter v1.2.1
      │   │   │       └── idna v1.1.0
      │   │   │           └── url v2.5.7
      │   │   │               ├── iroh v1.2.0 (*)
      │   │   │               ├── iroh-base v1.2.0 (*)
      │   │   │               ├── iroh-dns v1.3.0 (*)
      │   │   │               ├── iroh-relay v1.2.0 (*)
      │   │   │               ├── reqwest v0.12.25
      │   │   │               │   └── rustytransfer-native v0.1.0 (*)
      │   │   │               ├── reqwest v0.13.5
      │   │   │               │   ├── iroh v1.2.0 (*)
      │   │   │               │   ├── iroh-metrics v1.0.1
      │   │   │               │   │   ├── iroh v1.2.0 (*)
      │   │   │               │   │   └── iroh-relay v1.2.0 (*)
      │   │   │               │   ├── iroh-relay v1.2.0 (*)
      │   │   │               │   ├── n0-dns-resolver v0.1.0 (*)
      │   │   │               │   └── tokio-rustls-acme v0.9.1 (*)
      │   │   │               ├── rtc v0.21.0 (*)
      │   │   │               ├── rtc-ice v0.21.0
      │   │   │               │   └── rtc v0.21.0 (*)
      │   │   │               ├── rtc-sdp v0.21.0
      │   │   │               │   └── rtc v0.21.0 (*)
      │   │   │               ├── rtc-shared v0.21.0
      │   │   │               │   ├── rtc v0.21.0 (*)
      │   │   │               │   ├── rtc-datachannel v0.21.0
      │   │   │               │   │   └── rtc v0.21.0 (*)
      │   │   │               │   ├── rtc-dtls v0.21.0 (*)
      │   │   │               │   ├── rtc-ice v0.21.0 (*)
      │   │   │               │   ├── rtc-interceptor v0.21.0
      │   │   │               │   │   └── rtc v0.21.0 (*)
      │   │   │               │   ├── rtc-mdns v0.21.0
      │   │   │               │   │   ├── rtc v0.21.0 (*)
      │   │   │               │   │   └── rtc-ice v0.21.0 (*)
      │   │   │               │   ├── rtc-media v0.21.0
      │   │   │               │   │   └── rtc v0.21.0 (*)
      │   │   │               │   ├── rtc-rtcp v0.21.0
      │   │   │               │   │   ├── rtc v0.21.0 (*)
      │   │   │               │   │   ├── rtc-interceptor v0.21.0 (*)
      │   │   │               │   │   └── rtc-srtp v0.21.0
      │   │   │               │   │       └── rtc v0.21.0 (*)
      │   │   │               │   ├── rtc-rtp v0.21.0
      │   │   │               │   │   ├── rtc v0.21.0 (*)
      │   │   │               │   │   ├── rtc-interceptor v0.21.0 (*)
      │   │   │               │   │   ├── rtc-media v0.21.0 (*)
      │   │   │               │   │   └── rtc-srtp v0.21.0 (*)
      │   │   │               │   ├── rtc-sctp v0.21.0
      │   │   │               │   │   ├── rtc v0.21.0 (*)
      │   │   │               │   │   └── rtc-datachannel v0.21.0 (*)
      │   │   │               │   ├── rtc-sdp v0.21.0 (*)
      │   │   │               │   ├── rtc-srtp v0.21.0 (*)
      │   │   │               │   ├── rtc-stun v0.21.0
      │   │   │               │   │   ├── rtc v0.21.0 (*)
      │   │   │               │   │   ├── rtc-ice v0.21.0 (*)
      │   │   │               │   │   └── rtc-turn v0.21.0
      │   │   │               │   │       └── rtc v0.21.0 (*)
      │   │   │               │   └── rtc-turn v0.21.0 (*)
      │   │   │               ├── rtc-stun v0.21.0 (*)
      │   │   │               └── tungstenite v0.28.0
      │   │   │                   └── tokio-tungstenite v0.28.0
      │   │   │                       └── rustytransfer-native v0.1.0 (*)
      │   │   └── icu_properties v2.1.2
      │   │       └── idna_adapter v1.2.1 (*)
      │   ├── icu_locale_core v2.1.1
      │   │   ├── icu_properties v2.1.2 (*)
      │   │   └── icu_provider v2.1.1
      │   │       ├── icu_normalizer v2.1.1 (*)
      │   │       └── icu_properties v2.1.2 (*)
      │   ├── icu_provider v2.1.1 (*)
      │   ├── tinystr v0.8.2
      │   │   └── icu_locale_core v2.1.1 (*)
      │   └── zerotrie v0.2.3
      │       ├── icu_properties v2.1.2 (*)
      │       └── icu_provider v2.1.1 (*)
      ├── educe v0.6.0
      │   └── ratatui-explorer v0.2.1 (*)
      ├── enum-ordinalize-derive v4.3.2
      │   └── enum-ordinalize v4.3.2
      │       └── educe v0.6.0 (*)
      ├── instability v0.3.11 (*)
      ├── iroh-metrics-derive v1.0.1
      │   └── iroh-metrics v1.0.1 (*)
      ├── jni-macros v0.22.4
      │   └── jni v0.22.4
      │       ├── n0-dns-resolver v0.1.0 (*)
      │       └── rustls-platform-verifier v0.7.0
      │           ├── iroh-metrics v1.0.1 (*)
      │           ├── noq-proto v1.3.0 (*)
      │           └── reqwest v0.13.5 (*)
      ├── jni-sys-macros v0.4.1
      │   └── jni-sys v0.4.1
      │       ├── jni v0.22.4 (*)
      │       └── jni-sys v0.3.1
      │           └── jni v0.21.1
      │               ├── netdev v0.45.1
      │               │   └── netwatch v0.19.3 (*)
      │               └── netdev v0.46.3
      │                   └── netwatch v0.19.3 (*)
      ├── munge_macro v0.4.7
      │   └── munge v0.4.7
      │       └── rkyv v0.8.18
      │           └── rtc-dtls v0.21.0 (*)
      ├── n0-error-macros v1.0.1
      │   └── n0-error v1.0.1
      │       ├── iroh v1.2.0 (*)
      │       ├── iroh-base v1.2.0 (*)
      │       ├── iroh-dns v1.3.0 (*)
      │       ├── iroh-metrics v1.0.1 (*)
      │       ├── iroh-relay v1.2.0 (*)
      │       ├── n0-dns-resolver v0.1.0 (*)
      │       ├── n0-watcher v1.0.0 (*)
      │       └── netwatch v0.19.3 (*)
      ├── num_enum_derive v0.7.6
      │   └── num_enum v0.7.6
      │       └── iroh-relay v1.2.0 (*)
      ├── openssl-macros v0.1.1
      │   └── openssl v0.10.81
      │       └── native-tls v0.2.14
      │           ├── hyper-tls v0.6.0
      │           │   └── reqwest v0.12.25 (*)
      │           ├── reqwest v0.12.25 (*)
      │           └── tokio-native-tls v0.3.1
      │               ├── hyper-tls v0.6.0 (*)
      │               └── reqwest v0.12.25 (*)
      ├── pin-project-internal v1.1.13
      │   └── pin-project v1.1.13
      │       ├── iroh v1.2.0 (*)
      │       ├── iroh-relay v1.2.0 (*)
      │       └── n0-future v0.3.2 (*)
      ├── postcard-derive v0.2.2
      │   └── postcard v1.1.3
      │       └── iroh-relay v1.2.0 (*)
      ├── serde_derive v1.0.228
      │   └── serde v1.0.228
      │       ├── chrono v0.4.45
      │       │   ├── tokio-rustls-acme v0.9.1 (*)
      │       │   └── wmi v0.18.4
      │       │       └── netwatch v0.19.3 (*)
      │       ├── curve25519-dalek v5.0.0 (*)
      │       ├── ed25519-dalek v3.0.0 (*)
      │       ├── iroh v1.2.0 (*)
      │       ├── iroh-base v1.2.0 (*)
      │       ├── iroh-metrics v1.0.1 (*)
      │       ├── iroh-relay v1.2.0 (*)
      │       ├── netwatch v0.19.3 (*)
      │       ├── plist v1.10.1
      │       │   ├── netdev v0.45.1 (*)
      │       │   └── netdev v0.46.3 (*)
      │       ├── portable-atomic v1.11.1
      │       │   ├── indicatif v0.18.3
      │       │   │   └── rustytransfer v0.1.0 (*)
      │       │   ├── iroh v1.2.0 (*)
      │       │   ├── iroh-dns v1.3.0 (*)
      │       │   └── iroh-metrics v1.0.1 (*)
      │       ├── postcard v1.1.3 (*)
      │       ├── reqwest v0.12.25 (*)
      │       ├── reqwest v0.13.5 (*)
      │       ├── rtc v0.21.0 (*)
      │       ├── rtc-ice v0.21.0 (*)
      │       ├── rtc-rtp v0.21.0 (*)
      │       ├── rtc-shared v0.21.0 (*)
      │       ├── rustytransfer v0.1.0 (*)
      │       ├── rustytransfer-native v0.1.0 (*)
      │       ├── rustytransfer-transfer v0.1.0 (*)
      │       ├── serde_urlencoded v0.7.1
      │       │   ├── axum v0.8.9
      │       │   │   └── iroh v1.2.0 (*)
      │       │   └── reqwest v0.12.25 (*)
      │       ├── serdect v0.4.3
      │       │   └── ed25519 v3.0.0
      │       │       └── ed25519-dalek v3.0.0 (*)
      │       ├── tokio-rustls-acme v0.9.1 (*)
      │       ├── url v2.5.7 (*)
      │       └── wmi v0.18.4 (*)
      ├── spez v0.1.2
      │   └── n0-error v1.0.1 (*)
      ├── strum_macros v0.26.4
      │   └── strum v0.26.3
      │       └── ratatui v0.29.0 (*)
      ├── strum_macros v0.28.0
      │   └── strum v0.28.0
      │       ├── iroh v1.2.0 (*)
      │       ├── iroh-dns v1.3.0 (*)
      │       └── iroh-relay v1.2.0 (*)
      ├── synstructure v0.13.2
      │   ├── asn1-rs-derive v0.5.1 (*)
      │   ├── asn1-rs-derive v0.6.0 (*)
      │   ├── yoke-derive v0.8.1
      │   │   └── yoke v0.8.1
      │   │       ├── icu_collections v2.1.1 (*)
      │   │       ├── icu_provider v2.1.1 (*)
      │   │       ├── zerotrie v0.2.3 (*)
      │   │       └── zerovec v0.11.5
      │   │           ├── icu_collections v2.1.1 (*)
      │   │           ├── icu_locale_core v2.1.1 (*)
      │   │           ├── icu_normalizer v2.1.1 (*)
      │   │           ├── icu_properties v2.1.2 (*)
      │   │           ├── icu_provider v2.1.1 (*)
      │   │           ├── potential_utf v0.1.4
      │   │           │   └── icu_collections v2.1.1 (*)
      │   │           └── tinystr v0.8.2 (*)
      │   └── zerofrom-derive v0.1.6
      │       └── zerofrom v0.1.6
      │           ├── icu_collections v2.1.1 (*)
      │           ├── icu_provider v2.1.1 (*)
      │           ├── yoke v0.8.1 (*)
      │           ├── zerotrie v0.2.3 (*)
      │           └── zerovec v0.11.5 (*)
      ├── thiserror-impl v1.0.69
      │   └── thiserror v1.0.69
      │       ├── asn1-rs v0.6.2 (*)
      │       ├── jni v0.21.1 (*)
      │       └── x509-parser v0.16.0 (*)
      ├── tracing-attributes v0.1.31
      │   └── tracing v0.1.44
      │       ├── axum v0.8.9 (*)
      │       ├── axum-core v0.5.6
      │       │   └── axum v0.8.9 (*)
      │       ├── cordyceps v0.3.5
      │       │   └── futures-buffered v0.2.13
      │       │       └── n0-future v0.3.2 (*)
      │       ├── h2 v0.4.16
      │       │   ├── hyper v1.8.1
      │       │   │   ├── axum v0.8.9 (*)
      │       │   │   ├── hyper-rustls v0.27.7
      │       │   │   │   └── reqwest v0.13.5 (*)
      │       │   │   ├── hyper-tls v0.6.0 (*)
      │       │   │   ├── hyper-util v0.1.19
      │       │   │   │   ├── axum v0.8.9 (*)
      │       │   │   │   ├── hyper-rustls v0.27.7 (*)
      │       │   │   │   ├── hyper-tls v0.6.0 (*)
      │       │   │   │   ├── iroh-metrics v1.0.1 (*)
      │       │   │   │   ├── iroh-relay v1.2.0 (*)
      │       │   │   │   ├── reqwest v0.12.25 (*)
      │       │   │   │   └── reqwest v0.13.5 (*)
      │       │   │   ├── iroh-metrics v1.0.1 (*)
      │       │   │   ├── iroh-relay v1.2.0 (*)
      │       │   │   ├── reqwest v0.12.25 (*)
      │       │   │   └── reqwest v0.13.5 (*)
      │       │   └── reqwest v0.12.25 (*)
      │       ├── hyper-util v0.1.19 (*)
      │       ├── iroh v1.2.0 (*)
      │       ├── iroh-dns v1.3.0 (*)
      │       ├── iroh-metrics v1.0.1 (*)
      │       ├── iroh-relay v1.2.0 (*)
      │       ├── loom v0.7.2
      │       │   └── cordyceps v0.3.5 (*)
      │       ├── n0-dns-resolver v0.1.0 (*)
      │       ├── netwatch v0.19.3 (*)
      │       ├── noq v1.3.0 (*)
      │       ├── noq-proto v1.3.0 (*)
      │       ├── noq-udp v1.3.0
      │       │   ├── iroh v1.2.0 (*)
      │       │   ├── netwatch v0.19.3 (*)
      │       │   └── noq v1.3.0 (*)
      │       ├── tower v0.5.2
      │       │   ├── axum v0.8.9 (*)
      │       │   ├── reqwest v0.12.25 (*)
      │       │   ├── reqwest v0.13.5 (*)
      │       │   └── tower-http v0.6.8
      │       │       ├── reqwest v0.12.25 (*)
      │       │       └── reqwest v0.13.5 (*)
      │       └── tracing-subscriber v0.3.22
      │           ├── iroh-relay v1.2.0 (*)
      │           └── loom v0.7.2 (*)
      ├── windows-implement v0.60.2
      │   ├── windows-core v0.61.2
      │   │   ├── windows v0.61.3
      │   │   │   └── generator v0.8.7
      │   │   │       └── loom v0.7.2 (*)
      │   │   ├── windows-collections v0.2.0
      │   │   │   └── windows v0.61.3 (*)
      │   │   ├── windows-future v0.2.1
      │   │   │   └── windows v0.61.3 (*)
      │   │   └── windows-numerics v0.2.0
      │   │       └── windows v0.61.3 (*)
      │   └── windows-core v0.62.2
      │       ├── iana-time-zone v0.1.65
      │       │   └── chrono v0.4.45 (*)
      │       ├── windows v0.62.2
      │       │   ├── netwatch v0.19.3 (*)
      │       │   └── wmi v0.18.4 (*)
      │       ├── windows-collections v0.3.2
      │       │   └── windows v0.62.2 (*)
      │       ├── windows-future v0.3.2
      │       │   └── windows v0.62.2 (*)
      │       ├── windows-numerics v0.3.1
      │       │   └── windows v0.62.2 (*)
      │       └── wmi v0.18.4 (*)
      ├── windows-interface v0.59.3
      │   ├── windows-core v0.61.2 (*)
      │   └── windows-core v0.62.2 (*)
      ├── yoke-derive v0.8.1 (*)
      ├── zerocopy-derive v0.8.31
      │   └── zerocopy v0.8.31
      │       ├── netlink-packet-route v0.33.0
      │       │   └── netdev v0.46.3 (*)
      │       └── ppv-lite86 v0.2.21
      │           ├── rand_chacha v0.3.1
      │           │   └── rand v0.8.6
      │           │       ├── rustytransfer v0.1.0 (*)
      │           │       └── rustytransfer-native v0.1.0 (*)
      │           └── rand_chacha v0.9.0
      │               └── rand v0.9.2
      │                   └── tungstenite v0.28.0 (*)
      ├── zerofrom-derive v0.1.6 (*)
      ├── zeroize_derive v1.5.0
      │   └── zeroize v1.9.0
      │       ├── curve25519-dalek v5.0.0 (*)
      │       ├── der v0.8.2
      │       │   ├── pkcs8 v0.11.0
      │       │   │   └── ed25519 v3.0.0 (*)
      │       │   └── spki v0.8.0
      │       │       └── pkcs8 v0.11.0 (*)
      │       ├── ed25519-dalek v3.0.0 (*)
      │       ├── iroh-base v1.2.0 (*)
      │       ├── kem v0.3.0-pre.0
      │       │   └── ml-kem v0.2.1
      │       │       ├── (dev) rustytransfer v0.1.0 (*)
      │       │       ├── rustytransfer-crypto v0.1.0 (*)
      │       │       └── rustytransfer-protocol v0.1.0 (*)
      │       ├── rtc-crypto v0.21.0
      │       │   ├── rtc v0.21.0 (*)
      │       │   ├── rtc-dtls v0.21.0 (*)
      │       │   ├── rtc-ice v0.21.0 (*)
      │       │   ├── rtc-srtp v0.21.0 (*)
      │       │   ├── rtc-stun v0.21.0 (*)
      │       │   └── rtc-turn v0.21.0 (*)
      │       ├── rustls v0.23.45
      │       │   ├── hyper-rustls v0.27.7 (*)
      │       │   ├── iroh v1.2.0 (*)
      │       │   ├── iroh-dns v1.3.0 (*)
      │       │   ├── iroh-metrics v1.0.1 (*)
      │       │   ├── iroh-relay v1.2.0 (*)
      │       │   ├── n0-dns-resolver v0.1.0 (*)
      │       │   ├── noq v1.3.0 (*)
      │       │   ├── noq-proto v1.3.0 (*)
      │       │   ├── reqwest v0.13.5 (*)
      │       │   ├── rtc v0.21.0 (*)
      │       │   ├── rtc-dtls v0.21.0 (*)
      │       │   ├── rustls-cert-reloadable-resolver v0.7.1
      │       │   │   └── iroh-relay v1.2.0 (*)
      │       │   ├── rustls-platform-verifier v0.7.0 (*)
      │       │   ├── tokio-rustls v0.26.4
      │       │   │   ├── hyper-rustls v0.27.7 (*)
      │       │   │   ├── iroh-relay v1.2.0 (*)
      │       │   │   ├── n0-dns-resolver v0.1.0 (*)
      │       │   │   ├── reqwest v0.13.5 (*)
      │       │   │   ├── tokio-rustls-acme v0.9.1 (*)
      │       │   │   ├── tokio-tungstenite v0.28.0 (*)
      │       │   │   └── tokio-websockets v0.13.3
      │       │   │       └── iroh-relay v1.2.0 (*)
      │       │   ├── tokio-rustls-acme v0.9.1 (*)
      │       │   ├── tokio-tungstenite v0.28.0 (*)
      │       │   └── tungstenite v0.28.0 (*)
      │       └── rustls-pki-types v1.13.1
      │           ├── hyper-rustls v0.27.7 (*)
      │           ├── iroh v1.2.0 (*)
      │           ├── iroh-relay v1.2.0 (*)
      │           ├── noq-proto v1.3.0 (*)
      │           ├── rcgen v0.14.10 (*)
      │           ├── reqwest v0.12.25 (*)
      │           ├── reqwest v0.13.5 (*)
      │           ├── rustls v0.23.45 (*)
      │           ├── rustls-cert-file-reader v0.4.2
      │           │   └── iroh-relay v1.2.0 (*)
      │           ├── rustls-cert-read v0.3.0
      │           │   ├── rustls-cert-file-reader v0.4.2 (*)
      │           │   └── rustls-cert-reloadable-resolver v0.7.1 (*)
      │           ├── rustls-native-certs v0.8.4
      │           │   └── rustls-platform-verifier v0.7.0 (*)
      │           ├── rustls-webpki v0.103.15
      │           │   ├── rustls v0.23.45 (*)
      │           │   └── rustls-platform-verifier v0.7.0 (*)
      │           ├── tokio-tungstenite v0.28.0 (*)
      │           ├── tokio-websockets v0.13.3 (*)
      │           ├── tungstenite v0.28.0 (*)
      │           ├── webpki-root-certs v1.0.9
      │           │   └── rustls-platform-verifier v0.7.0 (*)
      │           └── webpki-roots v1.0.9
      │               ├── iroh-relay v1.2.0 (*)
      │               ├── n0-dns-resolver v0.1.0 (*)
      │               ├── tokio-rustls-acme v0.9.1 (*)
      │               └── webpki-roots v0.26.11
      │                   └── tokio-tungstenite v0.28.0 (*)
      └── zerovec-derive v0.11.2
          └── zerovec v0.11.5 (*)
    ├ syn v3.0.6
      ├── async-trait v0.1.92
      │   ├── (dev) rustytransfer v0.1.0
      │   ├── rustytransfer-native v0.1.0
      │   │   └── rustytransfer v0.1.0 (*)
      │   ├── rustytransfer-transfer v0.1.0
      │   │   ├── rustytransfer v0.1.0 (*)
      │   │   └── rustytransfer-native v0.1.0 (*)
      │   ├── tokio-rustls-acme v0.9.1
      │   │   └── iroh-relay v1.2.0
      │   │       └── iroh v1.2.0
      │   │           ├── (dev) rustytransfer v0.1.0 (*)
      │   │           └── rustytransfer-native v0.1.0 (*)
      │   └── webrtc v0.21.0
      │       ├── (dev) rustytransfer v0.1.0 (*)
      │       └── rustytransfer-native v0.1.0 (*)
      ├── bytecheck_derive v0.8.3
      │   └── bytecheck v0.8.3
      │       ├── rend v0.5.4
      │       │   └── rkyv v0.8.18
      │       │       └── rtc-dtls v0.21.0
      │       │           └── rtc v0.21.0
      │       │               └── webrtc v0.21.0 (*)
      │       ├── rkyv v0.8.18 (*)
      │       └── rtc-dtls v0.21.0 (*)
      ├── data-encoding-macro-internal v0.1.19
      │   └── data-encoding-macro v0.1.21
      │       └── iroh-base v1.2.0
      │           ├── iroh v1.2.0 (*)
      │           ├── iroh-dns v1.3.0
      │           │   ├── iroh v1.2.0 (*)
      │           │   └── iroh-relay v1.2.0 (*)
      │           └── iroh-relay v1.2.0 (*)
      ├── enum-assoc v1.4.1
      │   └── noq-proto v1.3.0
      │       ├── iroh v1.2.0 (*)
      │       ├── iroh-relay v1.2.0 (*)
      │       └── noq v1.3.0
      │           ├── iroh v1.2.0 (*)
      │           └── iroh-relay v1.2.0 (*)
      ├── futures-macro v0.3.34
      │   └── futures-util v0.3.34
      │       ├── axum v0.8.9
      │       │   └── iroh v1.2.0 (*)
      │       ├── futures v0.3.34
      │       │   ├── async_io_stream v0.3.3
      │       │   │   └── ws_stream_wasm v0.7.5
      │       │   │       └── iroh-relay v1.2.0 (*)
      │       │   ├── pharos v0.5.3
      │       │   │   ├── async_io_stream v0.3.3 (*)
      │       │   │   └── ws_stream_wasm v0.7.5 (*)
      │       │   ├── tokio-rustls-acme v0.9.1 (*)
      │       │   ├── webrtc v0.21.0 (*)
      │       │   ├── wmi v0.18.4
      │       │   │   └── netwatch v0.19.3
      │       │   │       └── iroh v1.2.0 (*)
      │       │   └── ws_stream_wasm v0.7.5 (*)
      │       ├── futures-executor v0.3.34
      │       │   └── futures v0.3.34 (*)
      │       ├── hyper-util v0.1.19
      │       │   ├── axum v0.8.9 (*)
      │       │   ├── hyper-rustls v0.27.7
      │       │   │   └── reqwest v0.13.5
      │       │   │       ├── iroh v1.2.0 (*)
      │       │   │       ├── iroh-metrics v1.0.1
      │       │   │       │   ├── iroh v1.2.0 (*)
      │       │   │       │   └── iroh-relay v1.2.0 (*)
      │       │   │       ├── iroh-relay v1.2.0 (*)
      │       │   │       ├── n0-dns-resolver v0.1.0
      │       │   │       │   └── iroh-dns v1.3.0 (*)
      │       │   │       └── tokio-rustls-acme v0.9.1 (*)
      │       │   ├── hyper-tls v0.6.0
      │       │   │   └── reqwest v0.12.25
      │       │   │       └── rustytransfer-native v0.1.0 (*)
      │       │   ├── iroh-metrics v1.0.1 (*)
      │       │   ├── iroh-relay v1.2.0 (*)
      │       │   ├── reqwest v0.12.25 (*)
      │       │   └── reqwest v0.13.5 (*)
      │       ├── iroh v1.2.0 (*)
      │       ├── js-sys v0.3.105
      │       │   ├── getrandom v0.2.16
      │       │   │   ├── rand_core v0.6.4
      │       │   │   │   ├── crypto-common v0.1.7
      │       │   │   │   │   ├── aead v0.5.2
      │       │   │   │   │   │   ├── aes-gcm v0.10.3
      │       │   │   │   │   │   │   ├── noq-proto v1.3.0 (*)
      │       │   │   │   │   │   │   └── rustytransfer-crypto v0.1.0
      │       │   │   │   │   │   │       ├── rustytransfer v0.1.0 (*)
      │       │   │   │   │   │   │       └── rustytransfer-protocol v0.1.0
      │       │   │   │   │   │   │           ├── rustytransfer v0.1.0 (*)
      │       │   │   │   │   │   │           ├── rustytransfer-native v0.1.0 (*)
      │       │   │   │   │   │   │           └── rustytransfer-transfer v0.1.0 (*)
      │       │   │   │   │   │   └── ccm v0.5.0
      │       │   │   │   │   │       └── rtc-crypto v0.21.0
      │       │   │   │   │   │           ├── rtc v0.21.0 (*)
      │       │   │   │   │   │           ├── rtc-dtls v0.21.0 (*)
      │       │   │   │   │   │           ├── rtc-ice v0.21.0
      │       │   │   │   │   │           │   └── rtc v0.21.0 (*)
      │       │   │   │   │   │           ├── rtc-srtp v0.21.0
      │       │   │   │   │   │           │   └── rtc v0.21.0 (*)
      │       │   │   │   │   │           ├── rtc-stun v0.21.0
      │       │   │   │   │   │           │   ├── rtc v0.21.0 (*)
      │       │   │   │   │   │           │   ├── rtc-ice v0.21.0 (*)
      │       │   │   │   │   │           │   └── rtc-turn v0.21.0
      │       │   │   │   │   │           │       └── rtc v0.21.0 (*)
      │       │   │   │   │   │           └── rtc-turn v0.21.0 (*)
      │       │   │   │   │   ├── cipher v0.4.4
      │       │   │   │   │   │   ├── aes v0.8.4
      │       │   │   │   │   │   │   ├── aes-gcm v0.10.3 (*)
      │       │   │   │   │   │   │   └── rtc-crypto v0.21.0 (*)
      │       │   │   │   │   │   ├── aes-gcm v0.10.3 (*)
      │       │   │   │   │   │   ├── ccm v0.5.0 (*)
      │       │   │   │   │   │   └── ctr v0.9.2
      │       │   │   │   │   │       ├── aes-gcm v0.10.3 (*)
      │       │   │   │   │   │       ├── ccm v0.5.0 (*)
      │       │   │   │   │   │       └── rtc-crypto v0.21.0 (*)
      │       │   │   │   │   ├── digest v0.10.7
      │       │   │   │   │   │   ├── hmac v0.12.1
      │       │   │   │   │   │   │   ├── hkdf v0.12.4
      │       │   │   │   │   │   │   │   └── spake2 v0.4.0
      │       │   │   │   │   │   │   │       └── rustytransfer-crypto v0.1.0 (*)
      │       │   │   │   │   │   │   ├── rtc-crypto v0.21.0 (*)
      │       │   │   │   │   │   │   └── rustytransfer-crypto v0.1.0 (*)
      │       │   │   │   │   │   ├── md-5 v0.10.6
      │       │   │   │   │   │   │   └── rtc-crypto v0.21.0 (*)
      │       │   │   │   │   │   ├── sha1 v0.10.6
      │       │   │   │   │   │   │   ├── rtc-crypto v0.21.0 (*)
      │       │   │   │   │   │   │   └── tungstenite v0.28.0
      │       │   │   │   │   │   │       └── tokio-tungstenite v0.28.0
      │       │   │   │   │   │   │           └── rustytransfer-native v0.1.0 (*)
      │       │   │   │   │   │   ├── sha2 v0.10.9
      │       │   │   │   │   │   │   └── spake2 v0.4.0 (*)
      │       │   │   │   │   │   └── sha3 v0.10.8
      │       │   │   │   │   │       ├── ml-kem v0.2.1
      │       │   │   │   │   │       │   ├── (dev) rustytransfer v0.1.0 (*)
      │       │   │   │   │   │       │   ├── rustytransfer-crypto v0.1.0 (*)
      │       │   │   │   │   │       │   └── rustytransfer-protocol v0.1.0 (*)
      │       │   │   │   │   │       ├── rustytransfer-crypto v0.1.0 (*)
      │       │   │   │   │   │       ├── rustytransfer-protocol v0.1.0 (*)
      │       │   │   │   │   │       └── rustytransfer-transfer v0.1.0 (*)
      │       │   │   │   │   └── universal-hash v0.5.1
      │       │   │   │   │       └── polyval v0.6.2
      │       │   │   │   │           └── ghash v0.5.1
      │       │   │   │   │               └── aes-gcm v0.10.3 (*)
      │       │   │   │   ├── curve25519-dalek v4.1.3
      │       │   │   │   │   └── spake2 v0.4.0 (*)
      │       │   │   │   ├── kem v0.3.0-pre.0
      │       │   │   │   │   └── ml-kem v0.2.1 (*)
      │       │   │   │   ├── ml-kem v0.2.1 (*)
      │       │   │   │   ├── rand v0.8.6
      │       │   │   │   │   ├── rustytransfer v0.1.0 (*)
      │       │   │   │   │   └── rustytransfer-native v0.1.0 (*)
      │       │   │   │   ├── rand_chacha v0.3.1
      │       │   │   │   │   └── rand v0.8.6 (*)
      │       │   │   │   ├── rustytransfer-crypto v0.1.0 (*)
      │       │   │   │   └── spake2 v0.4.0 (*)
      │       │   │   ├── ring v0.17.14
      │       │   │   │   ├── noq-proto v1.3.0 (*)
      │       │   │   │   ├── rcgen v0.14.10
      │       │   │   │   │   ├── iroh-relay v1.2.0 (*)
      │       │   │   │   │   ├── rtc v0.21.0 (*)
      │       │   │   │   │   ├── rtc-dtls v0.21.0 (*)
      │       │   │   │   │   └── tokio-rustls-acme v0.9.1 (*)
      │       │   │   │   ├── rtc-crypto v0.21.0 (*)
      │       │   │   │   ├── rustls v0.23.45
      │       │   │   │   │   ├── hyper-rustls v0.27.7 (*)
      │       │   │   │   │   ├── iroh v1.2.0 (*)
      │       │   │   │   │   ├── iroh-dns v1.3.0 (*)
      │       │   │   │   │   ├── iroh-metrics v1.0.1 (*)
      │       │   │   │   │   ├── iroh-relay v1.2.0 (*)
      │       │   │   │   │   ├── n0-dns-resolver v0.1.0 (*)
      │       │   │   │   │   ├── noq v1.3.0 (*)
      │       │   │   │   │   ├── noq-proto v1.3.0 (*)
      │       │   │   │   │   ├── reqwest v0.13.5 (*)
      │       │   │   │   │   ├── rtc v0.21.0 (*)
      │       │   │   │   │   ├── rtc-dtls v0.21.0 (*)
      │       │   │   │   │   ├── rustls-cert-reloadable-resolver v0.7.1
      │       │   │   │   │   │   └── iroh-relay v1.2.0 (*)
      │       │   │   │   │   ├── rustls-platform-verifier v0.7.0
      │       │   │   │   │   │   ├── iroh-metrics v1.0.1 (*)
      │       │   │   │   │   │   ├── noq-proto v1.3.0 (*)
      │       │   │   │   │   │   └── reqwest v0.13.5 (*)
      │       │   │   │   │   ├── tokio-rustls v0.26.4
      │       │   │   │   │   │   ├── hyper-rustls v0.27.7 (*)
      │       │   │   │   │   │   ├── iroh-relay v1.2.0 (*)
      │       │   │   │   │   │   ├── n0-dns-resolver v0.1.0 (*)
      │       │   │   │   │   │   ├── reqwest v0.13.5 (*)
      │       │   │   │   │   │   ├── tokio-rustls-acme v0.9.1 (*)
      │       │   │   │   │   │   ├── tokio-tungstenite v0.28.0 (*)
      │       │   │   │   │   │   └── tokio-websockets v0.13.3
      │       │   │   │   │   │       └── iroh-relay v1.2.0 (*)
      │       │   │   │   │   ├── tokio-rustls-acme v0.9.1 (*)
      │       │   │   │   │   ├── tokio-tungstenite v0.28.0 (*)
      │       │   │   │   │   └── tungstenite v0.28.0 (*)
      │       │   │   │   ├── rustls-webpki v0.103.15
      │       │   │   │   │   ├── rustls v0.23.45 (*)
      │       │   │   │   │   └── rustls-platform-verifier v0.7.0 (*)
      │       │   │   │   ├── tokio-rustls-acme v0.9.1 (*)
      │       │   │   │   ├── tokio-websockets v0.13.3 (*)
      │       │   │   │   └── x509-parser v0.18.1
      │       │   │   │       ├── rcgen v0.14.10 (*)
      │       │   │   │       └── tokio-rustls-acme v0.9.1 (*)
      │       │   │   └── rustytransfer-crypto v0.1.0 (*)
      │       │   ├── getrandom v0.3.4
      │       │   │   ├── rand_core v0.9.3
      │       │   │   │   ├── rand v0.9.2
      │       │   │   │   │   └── tungstenite v0.28.0 (*)
      │       │   │   │   └── rand_chacha v0.9.0
      │       │   │   │       └── rand v0.9.2 (*)
      │       │   │   ├── rustytransfer-crypto v0.1.0 (*)
      │       │   │   ├── tempfile v3.23.0
      │       │   │   │   └── native-tls v0.2.14
      │       │   │   │       ├── hyper-tls v0.6.0 (*)
      │       │   │   │       ├── reqwest v0.12.25 (*)
      │       │   │   │       └── tokio-native-tls v0.3.1
      │       │   │   │           ├── hyper-tls v0.6.0 (*)
      │       │   │   │           └── reqwest v0.12.25 (*)
      │       │   │   └── uuid v1.19.0
      │       │   │       ├── rtc-ice v0.21.0 (*)
      │       │   │       ├── (dev) rustytransfer v0.1.0 (*)
      │       │   │       └── (dev) rustytransfer-native v0.1.0 (*)
      │       │   ├── getrandom v0.4.3
      │       │   │   ├── iroh v1.2.0 (*)
      │       │   │   ├── iroh-base v1.2.0 (*)
      │       │   │   ├── iroh-relay v1.2.0 (*)
      │       │   │   ├── noq-proto v1.3.0 (*)
      │       │   │   ├── rand v0.10.2
      │       │   │   │   ├── iroh v1.2.0 (*)
      │       │   │   │   ├── iroh-base v1.2.0 (*)
      │       │   │   │   ├── iroh-dns v1.3.0 (*)
      │       │   │   │   ├── iroh-relay v1.2.0 (*)
      │       │   │   │   ├── n0-dns-resolver v0.1.0 (*)
      │       │   │   │   ├── noq-proto v1.3.0 (*)
      │       │   │   │   ├── rtc v0.21.0 (*)
      │       │   │   │   ├── rtc-crypto v0.21.0 (*)
      │       │   │   │   ├── rtc-interceptor v0.21.0
      │       │   │   │   │   └── rtc v0.21.0 (*)
      │       │   │   │   ├── rtc-media v0.21.0
      │       │   │   │   │   └── rtc v0.21.0 (*)
      │       │   │   │   ├── rtc-rtp v0.21.0
      │       │   │   │   │   ├── rtc v0.21.0 (*)
      │       │   │   │   │   ├── rtc-interceptor v0.21.0 (*)
      │       │   │   │   │   ├── rtc-media v0.21.0 (*)
      │       │   │   │   │   └── rtc-srtp v0.21.0 (*)
      │       │   │   │   ├── rtc-sctp v0.21.0
      │       │   │   │   │   ├── rtc v0.21.0 (*)
      │       │   │   │   │   └── rtc-datachannel v0.21.0
      │       │   │   │   │       └── rtc v0.21.0 (*)
      │       │   │   │   ├── rtc-sdp v0.21.0
      │       │   │   │   │   └── rtc v0.21.0 (*)
      │       │   │   │   ├── rtc-shared v0.21.0
      │       │   │   │   │   ├── rtc v0.21.0 (*)
      │       │   │   │   │   ├── rtc-datachannel v0.21.0 (*)
      │       │   │   │   │   ├── rtc-dtls v0.21.0 (*)
      │       │   │   │   │   ├── rtc-ice v0.21.0 (*)
      │       │   │   │   │   ├── rtc-interceptor v0.21.0 (*)
      │       │   │   │   │   ├── rtc-mdns v0.21.0
      │       │   │   │   │   │   ├── rtc v0.21.0 (*)
      │       │   │   │   │   │   └── rtc-ice v0.21.0 (*)
      │       │   │   │   │   ├── rtc-media v0.21.0 (*)
      │       │   │   │   │   ├── rtc-rtcp v0.21.0
      │       │   │   │   │   │   ├── rtc v0.21.0 (*)
      │       │   │   │   │   │   ├── rtc-interceptor v0.21.0 (*)
      │       │   │   │   │   │   └── rtc-srtp v0.21.0 (*)
      │       │   │   │   │   ├── rtc-rtp v0.21.0 (*)
      │       │   │   │   │   ├── rtc-sctp v0.21.0 (*)
      │       │   │   │   │   ├── rtc-sdp v0.21.0 (*)
      │       │   │   │   │   ├── rtc-srtp v0.21.0 (*)
      │       │   │   │   │   ├── rtc-stun v0.21.0 (*)
      │       │   │   │   │   └── rtc-turn v0.21.0 (*)
      │       │   │   │   ├── rtc-stun v0.21.0 (*)
      │       │   │   │   └── tokio-websockets v0.13.3 (*)
      │       │   │   └── tokio-websockets v0.13.3 (*)
      │       │   ├── gloo-timers v0.3.0
      │       │   │   └── backon v1.6.0
      │       │   │       └── iroh v1.2.0 (*)
      │       │   ├── iana-time-zone v0.1.65
      │       │   │   └── chrono v0.4.45
      │       │   │       ├── tokio-rustls-acme v0.9.1 (*)
      │       │   │       └── wmi v0.18.4 (*)
      │       │   ├── n0-future v0.3.2
      │       │   │   ├── iroh v1.2.0 (*)
      │       │   │   ├── iroh-dns v1.3.0 (*)
      │       │   │   ├── iroh-relay v1.2.0 (*)
      │       │   │   ├── n0-dns-resolver v0.1.0 (*)
      │       │   │   ├── n0-watcher v1.0.0
      │       │   │   │   ├── iroh v1.2.0 (*)
      │       │   │   │   └── netwatch v0.19.3 (*)
      │       │   │   └── netwatch v0.19.3 (*)
      │       │   ├── netwatch v0.19.3 (*)
      │       │   ├── reqwest v0.12.25 (*)
      │       │   ├── reqwest v0.13.5 (*)
      │       │   ├── time v0.3.55
      │       │   │   ├── asn1-rs v0.6.2
      │       │   │   │   ├── der-parser v9.0.0
      │       │   │   │   │   ├── rtc-dtls v0.21.0 (*)
      │       │   │   │   │   └── x509-parser v0.16.0
      │       │   │   │   │       ├── rtc v0.21.0 (*)
      │       │   │   │   │       └── rtc-dtls v0.21.0 (*)
      │       │   │   │   ├── oid-registry v0.7.1
      │       │   │   │   │   └── x509-parser v0.16.0 (*)
      │       │   │   │   └── x509-parser v0.16.0 (*)
      │       │   │   ├── asn1-rs v0.7.2
      │       │   │   │   ├── der-parser v10.0.0
      │       │   │   │   │   └── x509-parser v0.18.1 (*)
      │       │   │   │   ├── oid-registry v0.8.1
      │       │   │   │   │   └── x509-parser v0.18.1 (*)
      │       │   │   │   └── x509-parser v0.18.1 (*)
      │       │   │   ├── iroh v1.2.0 (*)
      │       │   │   ├── iroh-relay v1.2.0 (*)
      │       │   │   ├── netwatch v0.19.3 (*)
      │       │   │   ├── plist v1.10.1
      │       │   │   │   ├── netdev v0.45.1
      │       │   │   │   │   └── netwatch v0.19.3 (*)
      │       │   │   │   └── netdev v0.46.3
      │       │   │   │       └── netwatch v0.19.3 (*)
      │       │   │   ├── rcgen v0.14.10 (*)
      │       │   │   ├── tokio-rustls-acme v0.9.1 (*)
      │       │   │   ├── x509-parser v0.16.0 (*)
      │       │   │   ├── x509-parser v0.18.1 (*)
      │       │   │   └── yasna v0.6.0
      │       │   │       └── rcgen v0.14.10 (*)
      │       │   ├── wasm-bindgen-futures v0.4.78
      │       │   │   ├── iroh v1.2.0 (*)
      │       │   │   ├── n0-future v0.3.2 (*)
      │       │   │   ├── reqwest v0.12.25 (*)
      │       │   │   ├── reqwest v0.13.5 (*)
      │       │   │   ├── wasm-streams v0.4.2
      │       │   │   │   └── reqwest v0.12.25 (*)
      │       │   │   ├── wasm-streams v0.5.0
      │       │   │   │   └── reqwest v0.13.5 (*)
      │       │   │   └── ws_stream_wasm v0.7.5 (*)
      │       │   ├── wasm-streams v0.4.2 (*)
      │       │   ├── wasm-streams v0.5.0 (*)
      │       │   ├── web-sys v0.3.105
      │       │   │   ├── netwatch v0.19.3 (*)
      │       │   │   ├── reqwest v0.12.25 (*)
      │       │   │   ├── reqwest v0.13.5 (*)
      │       │   │   ├── wasm-streams v0.4.2 (*)
      │       │   │   ├── wasm-streams v0.5.0 (*)
      │       │   │   └── ws_stream_wasm v0.7.5 (*)
      │       │   ├── web-time v1.1.0
      │       │   │   ├── indicatif v0.18.3
      │       │   │   │   └── rustytransfer v0.1.0 (*)
      │       │   │   ├── n0-future v0.3.2 (*)
      │       │   │   ├── noq v1.3.0 (*)
      │       │   │   ├── noq-proto v1.3.0 (*)
      │       │   │   └── rustls-pki-types v1.13.1
      │       │   │       ├── hyper-rustls v0.27.7 (*)
      │       │   │       ├── iroh v1.2.0 (*)
      │       │   │       ├── iroh-relay v1.2.0 (*)
      │       │   │       ├── noq-proto v1.3.0 (*)
      │       │   │       ├── rcgen v0.14.10 (*)
      │       │   │       ├── reqwest v0.12.25 (*)
      │       │   │       ├── reqwest v0.13.5 (*)
      │       │   │       ├── rustls v0.23.45 (*)
      │       │   │       ├── rustls-cert-file-reader v0.4.2
      │       │   │       │   └── iroh-relay v1.2.0 (*)
      │       │   │       ├── rustls-cert-read v0.3.0
      │       │   │       │   ├── rustls-cert-file-reader v0.4.2 (*)
      │       │   │       │   └── rustls-cert-reloadable-resolver v0.7.1 (*)
      │       │   │       ├── rustls-native-certs v0.8.4
      │       │   │       │   └── rustls-platform-verifier v0.7.0 (*)
      │       │   │       ├── rustls-webpki v0.103.15 (*)
      │       │   │       ├── tokio-tungstenite v0.28.0 (*)
      │       │   │       ├── tokio-websockets v0.13.3 (*)
      │       │   │       ├── tungstenite v0.28.0 (*)
      │       │   │       ├── webpki-root-certs v1.0.9
      │       │   │       │   └── rustls-platform-verifier v0.7.0 (*)
      │       │   │       └── webpki-roots v1.0.9
      │       │   │           ├── iroh-relay v1.2.0 (*)
      │       │   │           ├── n0-dns-resolver v0.1.0 (*)
      │       │   │           ├── tokio-rustls-acme v0.9.1 (*)
      │       │   │           └── webpki-roots v0.26.11
      │       │   │               └── tokio-tungstenite v0.28.0 (*)
      │       │   └── ws_stream_wasm v0.7.5 (*)
      │       ├── n0-future v0.3.2 (*)
      │       ├── netlink-proto v0.12.2
      │       │   └── netwatch v0.19.3 (*)
      │       ├── netlink-sys v0.8.8
      │       │   ├── netdev v0.45.1 (*)
      │       │   ├── netlink-proto v0.12.2 (*)
      │       │   └── netwatch v0.19.3 (*)
      │       ├── reqwest v0.12.25 (*)
      │       ├── reqwest v0.13.5 (*)
      │       ├── rustls-cert-reloadable-resolver v0.7.1 (*)
      │       ├── rustytransfer-native v0.1.0 (*)
      │       ├── tokio-tungstenite v0.28.0 (*)
      │       ├── tokio-util v0.7.19
      │       │   ├── h2 v0.4.16
      │       │   │   ├── hyper v1.8.1
      │       │   │   │   ├── axum v0.8.9 (*)
      │       │   │   │   ├── hyper-rustls v0.27.7 (*)
      │       │   │   │   ├── hyper-tls v0.6.0 (*)
      │       │   │   │   ├── hyper-util v0.1.19 (*)
      │       │   │   │   ├── iroh-metrics v1.0.1 (*)
      │       │   │   │   ├── iroh-relay v1.2.0 (*)
      │       │   │   │   ├── reqwest v0.12.25 (*)
      │       │   │   │   └── reqwest v0.13.5 (*)
      │       │   │   └── reqwest v0.12.25 (*)
      │       │   ├── iroh v1.2.0 (*)
      │       │   ├── iroh-metrics v1.0.1 (*)
      │       │   ├── iroh-relay v1.2.0 (*)
      │       │   ├── n0-future v0.3.2 (*)
      │       │   ├── netwatch v0.19.3 (*)
      │       │   ├── reqwest v0.12.25 (*)
      │       │   ├── reqwest v0.13.5 (*)
      │       │   ├── tokio-stream v0.1.19
      │       │   │   ├── iroh v1.2.0 (*)
      │       │   │   └── noq v1.3.0 (*)
      │       │   └── tokio-websockets v0.13.3 (*)
      │       ├── tower v0.5.2
      │       │   ├── axum v0.8.9 (*)
      │       │   ├── reqwest v0.12.25 (*)
      │       │   ├── reqwest v0.13.5 (*)
      │       │   └── tower-http v0.6.8
      │       │       ├── reqwest v0.12.25 (*)
      │       │       └── reqwest v0.13.5 (*)
      │       ├── tower-http v0.6.8 (*)
      │       ├── wasm-streams v0.4.2 (*)
      │       └── wasm-streams v0.5.0 (*)
      ├── ptr_meta_derive v0.3.2
      │   └── ptr_meta v0.3.2
      │       ├── bytecheck v0.8.3 (*)
      │       ├── rancor v0.1.3
      │       │   ├── bytecheck v0.8.3 (*)
      │       │   └── rkyv v0.8.18 (*)
      │       └── rkyv v0.8.18 (*)
      ├── rkyv_derive v0.8.18
      │   └── rkyv v0.8.18 (*)
      ├── thiserror-impl v2.0.20
      │   └── thiserror v2.0.20
      │       ├── asn1-rs v0.7.2 (*)
      │       ├── cobs v0.3.0
      │       │   └── postcard v1.1.3
      │       │       └── iroh-relay v1.2.0 (*)
      │       ├── jni v0.22.4
      │       │   ├── n0-dns-resolver v0.1.0 (*)
      │       │   └── rustls-platform-verifier v0.7.0 (*)
      │       ├── netlink-proto v0.12.2 (*)
      │       ├── noq v1.3.0 (*)
      │       ├── noq-proto v1.3.0 (*)
      │       ├── rtc-crypto v0.21.0 (*)
      │       ├── rtc-media v0.21.0 (*)
      │       ├── rtc-sctp v0.21.0 (*)
      │       ├── rtc-shared v0.21.0 (*)
      │       ├── rustls-cert-file-reader v0.4.2 (*)
      │       ├── rustls-cert-reloadable-resolver v0.7.1 (*)
      │       ├── rustytransfer-transfer v0.1.0 (*)
      │       ├── tokio-rustls-acme v0.9.1 (*)
      │       ├── tungstenite v0.28.0 (*)
      │       ├── wmi v0.18.4 (*)
      │       ├── ws_stream_wasm v0.7.5 (*)
      │       └── x509-parser v0.18.1 (*)
      ├── tokio-macros v2.7.2
      │   └── tokio v1.53.1
      │       ├── axum v0.8.9 (*)
      │       ├── backon v1.6.0 (*)
      │       ├── h2 v0.4.16 (*)
      │       ├── hyper v1.8.1 (*)
      │       ├── hyper-rustls v0.27.7 (*)
      │       ├── hyper-tls v0.6.0 (*)
      │       ├── hyper-util v0.1.19 (*)
      │       ├── iroh v1.2.0 (*)
      │       ├── iroh-dns v1.3.0 (*)
      │       ├── iroh-metrics v1.0.1 (*)
      │       ├── iroh-relay v1.2.0 (*)
      │       ├── n0-dns-resolver v0.1.0 (*)
      │       ├── n0-future v0.3.2 (*)
      │       ├── netlink-sys v0.8.8 (*)
      │       ├── netwatch v0.19.3 (*)
      │       ├── noq v1.3.0 (*)
      │       ├── reloadable-state v0.1.0
      │       │   ├── iroh-relay v1.2.0 (*)
      │       │   └── rustls-cert-reloadable-resolver v0.7.1 (*)
      │       ├── reqwest v0.12.25 (*)
      │       ├── reqwest v0.13.5 (*)
      │       ├── rustls-cert-file-reader v0.4.2 (*)
      │       ├── rustytransfer v0.1.0 (*)
      │       ├── rustytransfer-native v0.1.0 (*)
      │       ├── rustytransfer-transfer v0.1.0 (*)
      │       ├── tokio-native-tls v0.3.1 (*)
      │       ├── tokio-rustls v0.26.4 (*)
      │       ├── tokio-rustls-acme v0.9.1 (*)
      │       ├── tokio-stream v0.1.19 (*)
      │       ├── tokio-tungstenite v0.28.0 (*)
      │       ├── tokio-util v0.7.19 (*)
      │       ├── tokio-websockets v0.13.3 (*)
      │       ├── tower v0.5.2 (*)
      │       └── webrtc v0.21.0 (*)
      └── wasm-bindgen-macro-support v0.2.128
          └── wasm-bindgen-macro v0.2.128
              └── wasm-bindgen v0.2.128
                  ├── getrandom v0.2.16 (*)
                  ├── getrandom v0.3.4 (*)
                  ├── getrandom v0.4.3 (*)
                  ├── gloo-timers v0.3.0 (*)
                  ├── iana-time-zone v0.1.65 (*)
                  ├── js-sys v0.3.105 (*)
                  ├── n0-future v0.3.2 (*)
                  ├── reqwest v0.12.25 (*)
                  ├── reqwest v0.13.5 (*)
                  ├── wasm-bindgen-futures v0.4.78 (*)
                  ├── wasm-streams v0.4.2 (*)
                  ├── wasm-streams v0.5.0 (*)
                  ├── web-sys v0.3.105 (*)
                  ├── web-time v1.1.0 (*)
                  └── ws_stream_wasm v0.7.5 (*)

warning[duplicate]: found 2 duplicate entries for crate 'system-configuration'
    ┌─ /mnt/c/Users/wasil/Documents/GitHub/rustytransfer/Cargo.lock:424:1
    │  
424 │ ╭ system-configuration 0.6.1 registry+https://github.com/rust-lang/crates.io-index
425 │ │ system-configuration 0.8.0 registry+https://github.com/rust-lang/crates.io-index
    │ ╰────────────────────────────────────────────────────────────────────────────────┘ lock entries
    │  
    ├ system-configuration v0.6.1
      └── hyper-util v0.1.19
          ├── axum v0.8.9
          │   └── iroh v1.2.0
          │       ├── (dev) rustytransfer v0.1.0
          │       └── rustytransfer-native v0.1.0
          │           └── rustytransfer v0.1.0 (*)
          ├── hyper-rustls v0.27.7
          │   └── reqwest v0.13.5
          │       ├── iroh v1.2.0 (*)
          │       ├── iroh-metrics v1.0.1
          │       │   ├── iroh v1.2.0 (*)
          │       │   └── iroh-relay v1.2.0
          │       │       └── iroh v1.2.0 (*)
          │       ├── iroh-relay v1.2.0 (*)
          │       ├── n0-dns-resolver v0.1.0
          │       │   └── iroh-dns v1.3.0
          │       │       ├── iroh v1.2.0 (*)
          │       │       └── iroh-relay v1.2.0 (*)
          │       └── tokio-rustls-acme v0.9.1
          │           └── iroh-relay v1.2.0 (*)
          ├── hyper-tls v0.6.0
          │   └── reqwest v0.12.25
          │       └── rustytransfer-native v0.1.0 (*)
          ├── iroh-metrics v1.0.1 (*)
          ├── iroh-relay v1.2.0 (*)
          ├── reqwest v0.12.25 (*)
          └── reqwest v0.13.5 (*)
    ├ system-configuration v0.8.0
      └── n0-dns-resolver v0.1.0
          └── iroh-dns v1.3.0
              ├── iroh v1.2.0
              │   ├── (dev) rustytransfer v0.1.0
              │   └── rustytransfer-native v0.1.0
              │       └── rustytransfer v0.1.0 (*)
              └── iroh-relay v1.2.0
                  └── iroh v1.2.0 (*)

warning[duplicate]: found 2 duplicate entries for crate 'thiserror'
    ┌─ /mnt/c/Users/wasil/Documents/GitHub/rustytransfer/Cargo.lock:428:1
    │  
428 │ ╭ thiserror 1.0.69 registry+https://github.com/rust-lang/crates.io-index
429 │ │ thiserror 2.0.20 registry+https://github.com/rust-lang/crates.io-index
    │ ╰──────────────────────────────────────────────────────────────────────┘ lock entries
    │  
    ├ thiserror v1.0.69
      ├── asn1-rs v0.6.2
      │   ├── der-parser v9.0.0
      │   │   ├── rtc-dtls v0.21.0
      │   │   │   └── rtc v0.21.0
      │   │   │       └── webrtc v0.21.0
      │   │   │           ├── (dev) rustytransfer v0.1.0
      │   │   │           └── rustytransfer-native v0.1.0
      │   │   │               └── rustytransfer v0.1.0 (*)
      │   │   └── x509-parser v0.16.0
      │   │       ├── rtc v0.21.0 (*)
      │   │       └── rtc-dtls v0.21.0 (*)
      │   ├── oid-registry v0.7.1
      │   │   └── x509-parser v0.16.0 (*)
      │   └── x509-parser v0.16.0 (*)
      ├── jni v0.21.1
      │   ├── netdev v0.45.1
      │   │   └── netwatch v0.19.3
      │   │       └── iroh v1.2.0
      │   │           ├── (dev) rustytransfer v0.1.0 (*)
      │   │           └── rustytransfer-native v0.1.0 (*)
      │   └── netdev v0.46.3
      │       └── netwatch v0.19.3 (*)
      └── x509-parser v0.16.0 (*)
    ├ thiserror v2.0.20
      ├── asn1-rs v0.7.2
      │   ├── der-parser v10.0.0
      │   │   └── x509-parser v0.18.1
      │   │       ├── rcgen v0.14.10
      │   │       │   ├── iroh-relay v1.2.0
      │   │       │   │   └── iroh v1.2.0
      │   │       │   │       ├── (dev) rustytransfer v0.1.0
      │   │       │   │       └── rustytransfer-native v0.1.0
      │   │       │   │           └── rustytransfer v0.1.0 (*)
      │   │       │   ├── rtc v0.21.0
      │   │       │   │   └── webrtc v0.21.0
      │   │       │   │       ├── (dev) rustytransfer v0.1.0 (*)
      │   │       │   │       └── rustytransfer-native v0.1.0 (*)
      │   │       │   ├── rtc-dtls v0.21.0
      │   │       │   │   └── rtc v0.21.0 (*)
      │   │       │   └── tokio-rustls-acme v0.9.1
      │   │       │       └── iroh-relay v1.2.0 (*)
      │   │       └── tokio-rustls-acme v0.9.1 (*)
      │   ├── oid-registry v0.8.1
      │   │   └── x509-parser v0.18.1 (*)
      │   └── x509-parser v0.18.1 (*)
      ├── cobs v0.3.0
      │   └── postcard v1.1.3
      │       └── iroh-relay v1.2.0 (*)
      ├── jni v0.22.4
      │   ├── n0-dns-resolver v0.1.0
      │   │   └── iroh-dns v1.3.0
      │   │       ├── iroh v1.2.0 (*)
      │   │       └── iroh-relay v1.2.0 (*)
      │   └── rustls-platform-verifier v0.7.0
      │       ├── iroh-metrics v1.0.1
      │       │   ├── iroh v1.2.0 (*)
      │       │   └── iroh-relay v1.2.0 (*)
      │       ├── noq-proto v1.3.0
      │       │   ├── iroh v1.2.0 (*)
      │       │   ├── iroh-relay v1.2.0 (*)
      │       │   └── noq v1.3.0
      │       │       ├── iroh v1.2.0 (*)
      │       │       └── iroh-relay v1.2.0 (*)
      │       └── reqwest v0.13.5
      │           ├── iroh v1.2.0 (*)
      │           ├── iroh-metrics v1.0.1 (*)
      │           ├── iroh-relay v1.2.0 (*)
      │           ├── n0-dns-resolver v0.1.0 (*)
      │           └── tokio-rustls-acme v0.9.1 (*)
      ├── netlink-proto v0.12.2
      │   └── netwatch v0.19.3
      │       └── iroh v1.2.0 (*)
      ├── noq v1.3.0 (*)
      ├── noq-proto v1.3.0 (*)
      ├── rtc-crypto v0.21.0
      │   ├── rtc v0.21.0 (*)
      │   ├── rtc-dtls v0.21.0 (*)
      │   ├── rtc-ice v0.21.0
      │   │   └── rtc v0.21.0 (*)
      │   ├── rtc-srtp v0.21.0
      │   │   └── rtc v0.21.0 (*)
      │   ├── rtc-stun v0.21.0
      │   │   ├── rtc v0.21.0 (*)
      │   │   ├── rtc-ice v0.21.0 (*)
      │   │   └── rtc-turn v0.21.0
      │   │       └── rtc v0.21.0 (*)
      │   └── rtc-turn v0.21.0 (*)
      ├── rtc-media v0.21.0
      │   └── rtc v0.21.0 (*)
      ├── rtc-sctp v0.21.0
      │   ├── rtc v0.21.0 (*)
      │   └── rtc-datachannel v0.21.0
      │       └── rtc v0.21.0 (*)
      ├── rtc-shared v0.21.0
      │   ├── rtc v0.21.0 (*)
      │   ├── rtc-datachannel v0.21.0 (*)
      │   ├── rtc-dtls v0.21.0 (*)
      │   ├── rtc-ice v0.21.0 (*)
      │   ├── rtc-interceptor v0.21.0
      │   │   └── rtc v0.21.0 (*)
      │   ├── rtc-mdns v0.21.0
      │   │   ├── rtc v0.21.0 (*)
      │   │   └── rtc-ice v0.21.0 (*)
      │   ├── rtc-media v0.21.0 (*)
      │   ├── rtc-rtcp v0.21.0
      │   │   ├── rtc v0.21.0 (*)
      │   │   ├── rtc-interceptor v0.21.0 (*)
      │   │   └── rtc-srtp v0.21.0 (*)
      │   ├── rtc-rtp v0.21.0
      │   │   ├── rtc v0.21.0 (*)
      │   │   ├── rtc-interceptor v0.21.0 (*)
      │   │   ├── rtc-media v0.21.0 (*)
      │   │   └── rtc-srtp v0.21.0 (*)
      │   ├── rtc-sctp v0.21.0 (*)
      │   ├── rtc-sdp v0.21.0
      │   │   └── rtc v0.21.0 (*)
      │   ├── rtc-srtp v0.21.0 (*)
      │   ├── rtc-stun v0.21.0 (*)
      │   └── rtc-turn v0.21.0 (*)
      ├── rustls-cert-file-reader v0.4.2
      │   └── iroh-relay v1.2.0 (*)
      ├── rustls-cert-reloadable-resolver v0.7.1
      │   └── iroh-relay v1.2.0 (*)
      ├── rustytransfer-transfer v0.1.0
      │   ├── rustytransfer v0.1.0 (*)
      │   └── rustytransfer-native v0.1.0 (*)
      ├── tokio-rustls-acme v0.9.1 (*)
      ├── tungstenite v0.28.0
      │   └── tokio-tungstenite v0.28.0
      │       └── rustytransfer-native v0.1.0 (*)
      ├── wmi v0.18.4
      │   └── netwatch v0.19.3 (*)
      ├── ws_stream_wasm v0.7.5
      │   └── iroh-relay v1.2.0 (*)
      └── x509-parser v0.18.1 (*)

warning[duplicate]: found 2 duplicate entries for crate 'thiserror-impl'
    ┌─ /mnt/c/Users/wasil/Documents/GitHub/rustytransfer/Cargo.lock:430:1
    │  
430 │ ╭ thiserror-impl 1.0.69 registry+https://github.com/rust-lang/crates.io-index
431 │ │ thiserror-impl 2.0.20 registry+https://github.com/rust-lang/crates.io-index
    │ ╰───────────────────────────────────────────────────────────────────────────┘ lock entries
    │  
    ├ thiserror-impl v1.0.69
      └── thiserror v1.0.69
          ├── asn1-rs v0.6.2
          │   ├── der-parser v9.0.0
          │   │   ├── rtc-dtls v0.21.0
          │   │   │   └── rtc v0.21.0
          │   │   │       └── webrtc v0.21.0
          │   │   │           ├── (dev) rustytransfer v0.1.0
          │   │   │           └── rustytransfer-native v0.1.0
          │   │   │               └── rustytransfer v0.1.0 (*)
          │   │   └── x509-parser v0.16.0
          │   │       ├── rtc v0.21.0 (*)
          │   │       └── rtc-dtls v0.21.0 (*)
          │   ├── oid-registry v0.7.1
          │   │   └── x509-parser v0.16.0 (*)
          │   └── x509-parser v0.16.0 (*)
          ├── jni v0.21.1
          │   ├── netdev v0.45.1
          │   │   └── netwatch v0.19.3
          │   │       └── iroh v1.2.0
          │   │           ├── (dev) rustytransfer v0.1.0 (*)
          │   │           └── rustytransfer-native v0.1.0 (*)
          │   └── netdev v0.46.3
          │       └── netwatch v0.19.3 (*)
          └── x509-parser v0.16.0 (*)
    ├ thiserror-impl v2.0.20
      └── thiserror v2.0.20
          ├── asn1-rs v0.7.2
          │   ├── der-parser v10.0.0
          │   │   └── x509-parser v0.18.1
          │   │       ├── rcgen v0.14.10
          │   │       │   ├── iroh-relay v1.2.0
          │   │       │   │   └── iroh v1.2.0
          │   │       │   │       ├── (dev) rustytransfer v0.1.0
          │   │       │   │       └── rustytransfer-native v0.1.0
          │   │       │   │           └── rustytransfer v0.1.0 (*)
          │   │       │   ├── rtc v0.21.0
          │   │       │   │   └── webrtc v0.21.0
          │   │       │   │       ├── (dev) rustytransfer v0.1.0 (*)
          │   │       │   │       └── rustytransfer-native v0.1.0 (*)
          │   │       │   ├── rtc-dtls v0.21.0
          │   │       │   │   └── rtc v0.21.0 (*)
          │   │       │   └── tokio-rustls-acme v0.9.1
          │   │       │       └── iroh-relay v1.2.0 (*)
          │   │       └── tokio-rustls-acme v0.9.1 (*)
          │   ├── oid-registry v0.8.1
          │   │   └── x509-parser v0.18.1 (*)
          │   └── x509-parser v0.18.1 (*)
          ├── cobs v0.3.0
          │   └── postcard v1.1.3
          │       └── iroh-relay v1.2.0 (*)
          ├── jni v0.22.4
          │   ├── n0-dns-resolver v0.1.0
          │   │   └── iroh-dns v1.3.0
          │   │       ├── iroh v1.2.0 (*)
          │   │       └── iroh-relay v1.2.0 (*)
          │   └── rustls-platform-verifier v0.7.0
          │       ├── iroh-metrics v1.0.1
          │       │   ├── iroh v1.2.0 (*)
          │       │   └── iroh-relay v1.2.0 (*)
          │       ├── noq-proto v1.3.0
          │       │   ├── iroh v1.2.0 (*)
          │       │   ├── iroh-relay v1.2.0 (*)
          │       │   └── noq v1.3.0
          │       │       ├── iroh v1.2.0 (*)
          │       │       └── iroh-relay v1.2.0 (*)
          │       └── reqwest v0.13.5
          │           ├── iroh v1.2.0 (*)
          │           ├── iroh-metrics v1.0.1 (*)
          │           ├── iroh-relay v1.2.0 (*)
          │           ├── n0-dns-resolver v0.1.0 (*)
          │           └── tokio-rustls-acme v0.9.1 (*)
          ├── netlink-proto v0.12.2
          │   └── netwatch v0.19.3
          │       └── iroh v1.2.0 (*)
          ├── noq v1.3.0 (*)
          ├── noq-proto v1.3.0 (*)
          ├── rtc-crypto v0.21.0
          │   ├── rtc v0.21.0 (*)
          │   ├── rtc-dtls v0.21.0 (*)
          │   ├── rtc-ice v0.21.0
          │   │   └── rtc v0.21.0 (*)
          │   ├── rtc-srtp v0.21.0
          │   │   └── rtc v0.21.0 (*)
          │   ├── rtc-stun v0.21.0
          │   │   ├── rtc v0.21.0 (*)
          │   │   ├── rtc-ice v0.21.0 (*)
          │   │   └── rtc-turn v0.21.0
          │   │       └── rtc v0.21.0 (*)
          │   └── rtc-turn v0.21.0 (*)
          ├── rtc-media v0.21.0
          │   └── rtc v0.21.0 (*)
          ├── rtc-sctp v0.21.0
          │   ├── rtc v0.21.0 (*)
          │   └── rtc-datachannel v0.21.0
          │       └── rtc v0.21.0 (*)
          ├── rtc-shared v0.21.0
          │   ├── rtc v0.21.0 (*)
          │   ├── rtc-datachannel v0.21.0 (*)
          │   ├── rtc-dtls v0.21.0 (*)
          │   ├── rtc-ice v0.21.0 (*)
          │   ├── rtc-interceptor v0.21.0
          │   │   └── rtc v0.21.0 (*)
          │   ├── rtc-mdns v0.21.0
          │   │   ├── rtc v0.21.0 (*)
          │   │   └── rtc-ice v0.21.0 (*)
          │   ├── rtc-media v0.21.0 (*)
          │   ├── rtc-rtcp v0.21.0
          │   │   ├── rtc v0.21.0 (*)
          │   │   ├── rtc-interceptor v0.21.0 (*)
          │   │   └── rtc-srtp v0.21.0 (*)
          │   ├── rtc-rtp v0.21.0
          │   │   ├── rtc v0.21.0 (*)
          │   │   ├── rtc-interceptor v0.21.0 (*)
          │   │   ├── rtc-media v0.21.0 (*)
          │   │   └── rtc-srtp v0.21.0 (*)
          │   ├── rtc-sctp v0.21.0 (*)
          │   ├── rtc-sdp v0.21.0
          │   │   └── rtc v0.21.0 (*)
          │   ├── rtc-srtp v0.21.0 (*)
          │   ├── rtc-stun v0.21.0 (*)
          │   └── rtc-turn v0.21.0 (*)
          ├── rustls-cert-file-reader v0.4.2
          │   └── iroh-relay v1.2.0 (*)
          ├── rustls-cert-reloadable-resolver v0.7.1
          │   └── iroh-relay v1.2.0 (*)
          ├── rustytransfer-transfer v0.1.0
          │   ├── rustytransfer v0.1.0 (*)
          │   └── rustytransfer-native v0.1.0 (*)
          ├── tokio-rustls-acme v0.9.1 (*)
          ├── tungstenite v0.28.0
          │   └── tokio-tungstenite v0.28.0
          │       └── rustytransfer-native v0.1.0 (*)
          ├── wmi v0.18.4
          │   └── netwatch v0.19.3 (*)
          ├── ws_stream_wasm v0.7.5
          │   └── iroh-relay v1.2.0 (*)
          └── x509-parser v0.18.1 (*)

warning[duplicate]: found 2 duplicate entries for crate 'unicode-width'
    ┌─ /mnt/c/Users/wasil/Documents/GitHub/rustytransfer/Cargo.lock:468:1
    │  
468 │ ╭ unicode-width 0.1.14 registry+https://github.com/rust-lang/crates.io-index
469 │ │ unicode-width 0.2.0 registry+https://github.com/rust-lang/crates.io-index
    │ ╰─────────────────────────────────────────────────────────────────────────┘ lock entries
    │  
    ├ unicode-width v0.1.14
      └── unicode-truncate v1.1.0
          └── ratatui v0.29.0
              ├── ratatui-explorer v0.2.1
              │   └── rustytransfer v0.1.0
              └── rustytransfer v0.1.0 (*)
    ├ unicode-width v0.2.0
      ├── console v0.16.2
      │   └── indicatif v0.18.3
      │       └── rustytransfer v0.1.0
      ├── indicatif v0.18.3 (*)
      └── ratatui v0.29.0
          ├── ratatui-explorer v0.2.1
          │   └── rustytransfer v0.1.0 (*)
          └── rustytransfer v0.1.0 (*)

warning[duplicate]: found 2 duplicate entries for crate 'wasm-streams'
    ┌─ /mnt/c/Users/wasil/Documents/GitHub/rustytransfer/Cargo.lock:490:1
    │  
490 │ ╭ wasm-streams 0.4.2 registry+https://github.com/rust-lang/crates.io-index
491 │ │ wasm-streams 0.5.0 registry+https://github.com/rust-lang/crates.io-index
    │ ╰────────────────────────────────────────────────────────────────────────┘ lock entries
    │  
    ├ wasm-streams v0.4.2
      └── reqwest v0.12.25
          └── rustytransfer-native v0.1.0
              └── rustytransfer v0.1.0
    ├ wasm-streams v0.5.0
      └── reqwest v0.13.5
          ├── iroh v1.2.0
          │   ├── (dev) rustytransfer v0.1.0
          │   └── rustytransfer-native v0.1.0
          │       └── rustytransfer v0.1.0 (*)
          ├── iroh-metrics v1.0.1
          │   ├── iroh v1.2.0 (*)
          │   └── iroh-relay v1.2.0
          │       └── iroh v1.2.0 (*)
          ├── iroh-relay v1.2.0 (*)
          ├── n0-dns-resolver v0.1.0
          │   └── iroh-dns v1.3.0
          │       ├── iroh v1.2.0 (*)
          │       └── iroh-relay v1.2.0 (*)
          └── tokio-rustls-acme v0.9.1
              └── iroh-relay v1.2.0 (*)

warning[duplicate]: found 2 duplicate entries for crate 'webpki-roots'
    ┌─ /mnt/c/Users/wasil/Documents/GitHub/rustytransfer/Cargo.lock:495:1
    │  
495 │ ╭ webpki-roots 0.26.11 registry+https://github.com/rust-lang/crates.io-index
496 │ │ webpki-roots 1.0.9 registry+https://github.com/rust-lang/crates.io-index
    │ ╰────────────────────────────────────────────────────────────────────────┘ lock entries
    │  
    ├ webpki-roots v0.26.11
      └── tokio-tungstenite v0.28.0
          └── rustytransfer-native v0.1.0
              └── rustytransfer v0.1.0
    ├ webpki-roots v1.0.9
      ├── iroh-relay v1.2.0
      │   └── iroh v1.2.0
      │       ├── (dev) rustytransfer v0.1.0
      │       └── rustytransfer-native v0.1.0
      │           └── rustytransfer v0.1.0 (*)
      ├── n0-dns-resolver v0.1.0
      │   └── iroh-dns v1.3.0
      │       ├── iroh v1.2.0 (*)
      │       └── iroh-relay v1.2.0 (*)
      ├── tokio-rustls-acme v0.9.1
      │   └── iroh-relay v1.2.0 (*)
      └── webpki-roots v0.26.11
          └── tokio-tungstenite v0.28.0
              └── rustytransfer-native v0.1.0 (*)

warning[duplicate]: found 2 duplicate entries for crate 'windows'
    ┌─ /mnt/c/Users/wasil/Documents/GitHub/rustytransfer/Cargo.lock:503:1
    │  
503 │ ╭ windows 0.61.3 registry+https://github.com/rust-lang/crates.io-index
504 │ │ windows 0.62.2 registry+https://github.com/rust-lang/crates.io-index
    │ ╰────────────────────────────────────────────────────────────────────┘ lock entries
    │  
    ├ windows v0.61.3
      └── generator v0.8.7
          └── loom v0.7.2
              └── cordyceps v0.3.5
                  └── futures-buffered v0.2.13
                      └── n0-future v0.3.2
                          ├── iroh v1.2.0
                          │   ├── (dev) rustytransfer v0.1.0
                          │   └── rustytransfer-native v0.1.0
                          │       └── rustytransfer v0.1.0 (*)
                          ├── iroh-dns v1.3.0
                          │   ├── iroh v1.2.0 (*)
                          │   └── iroh-relay v1.2.0
                          │       └── iroh v1.2.0 (*)
                          ├── iroh-relay v1.2.0 (*)
                          ├── n0-dns-resolver v0.1.0
                          │   └── iroh-dns v1.3.0 (*)
                          ├── n0-watcher v1.0.0
                          │   ├── iroh v1.2.0 (*)
                          │   └── netwatch v0.19.3
                          │       └── iroh v1.2.0 (*)
                          └── netwatch v0.19.3 (*)
    ├ windows v0.62.2
      ├── netwatch v0.19.3
      │   └── iroh v1.2.0
      │       ├── (dev) rustytransfer v0.1.0
      │       └── rustytransfer-native v0.1.0
      │           └── rustytransfer v0.1.0 (*)
      └── wmi v0.18.4
          └── netwatch v0.19.3 (*)

warning[duplicate]: found 2 duplicate entries for crate 'windows-collections'
    ┌─ /mnt/c/Users/wasil/Documents/GitHub/rustytransfer/Cargo.lock:505:1
    │  
505 │ ╭ windows-collections 0.2.0 registry+https://github.com/rust-lang/crates.io-index
506 │ │ windows-collections 0.3.2 registry+https://github.com/rust-lang/crates.io-index
    │ ╰───────────────────────────────────────────────────────────────────────────────┘ lock entries
    │  
    ├ windows-collections v0.2.0
      └── windows v0.61.3
          └── generator v0.8.7
              └── loom v0.7.2
                  └── cordyceps v0.3.5
                      └── futures-buffered v0.2.13
                          └── n0-future v0.3.2
                              ├── iroh v1.2.0
                              │   ├── (dev) rustytransfer v0.1.0
                              │   └── rustytransfer-native v0.1.0
                              │       └── rustytransfer v0.1.0 (*)
                              ├── iroh-dns v1.3.0
                              │   ├── iroh v1.2.0 (*)
                              │   └── iroh-relay v1.2.0
                              │       └── iroh v1.2.0 (*)
                              ├── iroh-relay v1.2.0 (*)
                              ├── n0-dns-resolver v0.1.0
                              │   └── iroh-dns v1.3.0 (*)
                              ├── n0-watcher v1.0.0
                              │   ├── iroh v1.2.0 (*)
                              │   └── netwatch v0.19.3
                              │       └── iroh v1.2.0 (*)
                              └── netwatch v0.19.3 (*)
    ├ windows-collections v0.3.2
      └── windows v0.62.2
          ├── netwatch v0.19.3
          │   └── iroh v1.2.0
          │       ├── (dev) rustytransfer v0.1.0
          │       └── rustytransfer-native v0.1.0
          │           └── rustytransfer v0.1.0 (*)
          └── wmi v0.18.4
              └── netwatch v0.19.3 (*)

warning[duplicate]: found 2 duplicate entries for crate 'windows-core'
    ┌─ /mnt/c/Users/wasil/Documents/GitHub/rustytransfer/Cargo.lock:507:1
    │  
507 │ ╭ windows-core 0.61.2 registry+https://github.com/rust-lang/crates.io-index
508 │ │ windows-core 0.62.2 registry+https://github.com/rust-lang/crates.io-index
    │ ╰─────────────────────────────────────────────────────────────────────────┘ lock entries
    │  
    ├ windows-core v0.61.2
      ├── windows v0.61.3
      │   └── generator v0.8.7
      │       └── loom v0.7.2
      │           └── cordyceps v0.3.5
      │               └── futures-buffered v0.2.13
      │                   └── n0-future v0.3.2
      │                       ├── iroh v1.2.0
      │                       │   ├── (dev) rustytransfer v0.1.0
      │                       │   └── rustytransfer-native v0.1.0
      │                       │       └── rustytransfer v0.1.0 (*)
      │                       ├── iroh-dns v1.3.0
      │                       │   ├── iroh v1.2.0 (*)
      │                       │   └── iroh-relay v1.2.0
      │                       │       └── iroh v1.2.0 (*)
      │                       ├── iroh-relay v1.2.0 (*)
      │                       ├── n0-dns-resolver v0.1.0
      │                       │   └── iroh-dns v1.3.0 (*)
      │                       ├── n0-watcher v1.0.0
      │                       │   ├── iroh v1.2.0 (*)
      │                       │   └── netwatch v0.19.3
      │                       │       └── iroh v1.2.0 (*)
      │                       └── netwatch v0.19.3 (*)
      ├── windows-collections v0.2.0
      │   └── windows v0.61.3 (*)
      ├── windows-future v0.2.1
      │   └── windows v0.61.3 (*)
      └── windows-numerics v0.2.0
          └── windows v0.61.3 (*)
    ├ windows-core v0.62.2
      ├── iana-time-zone v0.1.65
      │   └── chrono v0.4.45
      │       ├── tokio-rustls-acme v0.9.1
      │       │   └── iroh-relay v1.2.0
      │       │       └── iroh v1.2.0
      │       │           ├── (dev) rustytransfer v0.1.0
      │       │           └── rustytransfer-native v0.1.0
      │       │               └── rustytransfer v0.1.0 (*)
      │       └── wmi v0.18.4
      │           └── netwatch v0.19.3
      │               └── iroh v1.2.0 (*)
      ├── windows v0.62.2
      │   ├── netwatch v0.19.3 (*)
      │   └── wmi v0.18.4 (*)
      ├── windows-collections v0.3.2
      │   └── windows v0.62.2 (*)
      ├── windows-future v0.3.2
      │   └── windows v0.62.2 (*)
      ├── windows-numerics v0.3.1
      │   └── windows v0.62.2 (*)
      └── wmi v0.18.4 (*)

warning[duplicate]: found 2 duplicate entries for crate 'windows-future'
    ┌─ /mnt/c/Users/wasil/Documents/GitHub/rustytransfer/Cargo.lock:509:1
    │  
509 │ ╭ windows-future 0.2.1 registry+https://github.com/rust-lang/crates.io-index
510 │ │ windows-future 0.3.2 registry+https://github.com/rust-lang/crates.io-index
    │ ╰──────────────────────────────────────────────────────────────────────────┘ lock entries
    │  
    ├ windows-future v0.2.1
      └── windows v0.61.3
          └── generator v0.8.7
              └── loom v0.7.2
                  └── cordyceps v0.3.5
                      └── futures-buffered v0.2.13
                          └── n0-future v0.3.2
                              ├── iroh v1.2.0
                              │   ├── (dev) rustytransfer v0.1.0
                              │   └── rustytransfer-native v0.1.0
                              │       └── rustytransfer v0.1.0 (*)
                              ├── iroh-dns v1.3.0
                              │   ├── iroh v1.2.0 (*)
                              │   └── iroh-relay v1.2.0
                              │       └── iroh v1.2.0 (*)
                              ├── iroh-relay v1.2.0 (*)
                              ├── n0-dns-resolver v0.1.0
                              │   └── iroh-dns v1.3.0 (*)
                              ├── n0-watcher v1.0.0
                              │   ├── iroh v1.2.0 (*)
                              │   └── netwatch v0.19.3
                              │       └── iroh v1.2.0 (*)
                              └── netwatch v0.19.3 (*)
    ├ windows-future v0.3.2
      └── windows v0.62.2
          ├── netwatch v0.19.3
          │   └── iroh v1.2.0
          │       ├── (dev) rustytransfer v0.1.0
          │       └── rustytransfer-native v0.1.0
          │           └── rustytransfer v0.1.0 (*)
          └── wmi v0.18.4
              └── netwatch v0.19.3 (*)

warning[duplicate]: found 2 duplicate entries for crate 'windows-link'
    ┌─ /mnt/c/Users/wasil/Documents/GitHub/rustytransfer/Cargo.lock:513:1
    │  
513 │ ╭ windows-link 0.1.3 registry+https://github.com/rust-lang/crates.io-index
514 │ │ windows-link 0.2.1 registry+https://github.com/rust-lang/crates.io-index
    │ ╰────────────────────────────────────────────────────────────────────────┘ lock entries
    │  
    ├ windows-link v0.1.3
      ├── windows v0.61.3
      │   └── generator v0.8.7
      │       └── loom v0.7.2
      │           └── cordyceps v0.3.5
      │               └── futures-buffered v0.2.13
      │                   └── n0-future v0.3.2
      │                       ├── iroh v1.2.0
      │                       │   ├── (dev) rustytransfer v0.1.0
      │                       │   └── rustytransfer-native v0.1.0
      │                       │       └── rustytransfer v0.1.0 (*)
      │                       ├── iroh-dns v1.3.0
      │                       │   ├── iroh v1.2.0 (*)
      │                       │   └── iroh-relay v1.2.0
      │                       │       └── iroh v1.2.0 (*)
      │                       ├── iroh-relay v1.2.0 (*)
      │                       ├── n0-dns-resolver v0.1.0
      │                       │   └── iroh-dns v1.3.0 (*)
      │                       ├── n0-watcher v1.0.0
      │                       │   ├── iroh v1.2.0 (*)
      │                       │   └── netwatch v0.19.3
      │                       │       └── iroh v1.2.0 (*)
      │                       └── netwatch v0.19.3 (*)
      ├── windows-core v0.61.2
      │   ├── windows v0.61.3 (*)
      │   ├── windows-collections v0.2.0
      │   │   └── windows v0.61.3 (*)
      │   ├── windows-future v0.2.1
      │   │   └── windows v0.61.3 (*)
      │   └── windows-numerics v0.2.0
      │       └── windows v0.61.3 (*)
      ├── windows-future v0.2.1 (*)
      ├── windows-numerics v0.2.0 (*)
      ├── windows-result v0.3.4
      │   └── windows-core v0.61.2 (*)
      ├── windows-strings v0.4.2
      │   └── windows-core v0.61.2 (*)
      └── windows-threading v0.1.0
          └── windows-future v0.2.1 (*)
    ├ windows-link v0.2.1
      ├── chrono v0.4.45
      │   ├── tokio-rustls-acme v0.9.1
      │   │   └── iroh-relay v1.2.0
      │   │       └── iroh v1.2.0
      │   │           ├── (dev) rustytransfer v0.1.0
      │   │           └── rustytransfer-native v0.1.0
      │   │               └── rustytransfer v0.1.0 (*)
      │   └── wmi v0.18.4
      │       └── netwatch v0.19.3
      │           └── iroh v1.2.0 (*)
      ├── jni v0.22.4
      │   ├── n0-dns-resolver v0.1.0
      │   │   └── iroh-dns v1.3.0
      │   │       ├── iroh v1.2.0 (*)
      │   │       └── iroh-relay v1.2.0 (*)
      │   └── rustls-platform-verifier v0.7.0
      │       ├── iroh-metrics v1.0.1
      │       │   ├── iroh v1.2.0 (*)
      │       │   └── iroh-relay v1.2.0 (*)
      │       ├── noq-proto v1.3.0
      │       │   ├── iroh v1.2.0 (*)
      │       │   ├── iroh-relay v1.2.0 (*)
      │       │   └── noq v1.3.0
      │       │       ├── iroh v1.2.0 (*)
      │       │       └── iroh-relay v1.2.0 (*)
      │       └── reqwest v0.13.5
      │           ├── iroh v1.2.0 (*)
      │           ├── iroh-metrics v1.0.1 (*)
      │           ├── iroh-relay v1.2.0 (*)
      │           ├── n0-dns-resolver v0.1.0 (*)
      │           └── tokio-rustls-acme v0.9.1 (*)
      ├── parking_lot_core v0.9.12
      │   ├── dashmap v6.1.0
      │   │   └── iroh-relay v1.2.0 (*)
      │   └── parking_lot v0.12.5
      │       └── crossterm v0.28.1
      │           ├── ratatui v0.29.0
      │           │   ├── ratatui-explorer v0.2.1
      │           │   │   └── rustytransfer v0.1.0 (*)
      │           │   └── rustytransfer v0.1.0 (*)
      │           └── rustytransfer v0.1.0 (*)
      ├── windows-core v0.62.2
      │   ├── iana-time-zone v0.1.65
      │   │   └── chrono v0.4.45 (*)
      │   ├── windows v0.62.2
      │   │   ├── netwatch v0.19.3 (*)
      │   │   └── wmi v0.18.4 (*)
      │   ├── windows-collections v0.3.2
      │   │   └── windows v0.62.2 (*)
      │   ├── windows-future v0.3.2
      │   │   └── windows v0.62.2 (*)
      │   ├── windows-numerics v0.3.1
      │   │   └── windows v0.62.2 (*)
      │   └── wmi v0.18.4 (*)
      ├── windows-future v0.3.2 (*)
      ├── windows-numerics v0.3.1 (*)
      ├── windows-registry v0.6.1
      │   ├── hyper-util v0.1.19
      │   │   ├── axum v0.8.9
      │   │   │   └── iroh v1.2.0 (*)
      │   │   ├── hyper-rustls v0.27.7
      │   │   │   └── reqwest v0.13.5 (*)
      │   │   ├── hyper-tls v0.6.0
      │   │   │   └── reqwest v0.12.25
      │   │   │       └── rustytransfer-native v0.1.0 (*)
      │   │   ├── iroh-metrics v1.0.1 (*)
      │   │   ├── iroh-relay v1.2.0 (*)
      │   │   ├── reqwest v0.12.25 (*)
      │   │   └── reqwest v0.13.5 (*)
      │   └── ipconfig v0.3.4
      │       └── n0-dns-resolver v0.1.0 (*)
      ├── windows-result v0.4.1
      │   ├── ipconfig v0.3.4 (*)
      │   ├── netwatch v0.19.3 (*)
      │   ├── windows-core v0.62.2 (*)
      │   └── windows-registry v0.6.1 (*)
      ├── windows-strings v0.5.1
      │   ├── windows-core v0.62.2 (*)
      │   └── windows-registry v0.6.1 (*)
      ├── windows-sys v0.61.2
      │   ├── anstyle-query v1.1.5
      │   │   └── anstream v0.6.21
      │   │       └── clap_builder v4.5.54
      │   │           └── clap v4.5.54
      │   │               ├── iroh-relay v1.2.0 (*)
      │   │               ├── rustytransfer v0.1.0 (*)
      │   │               └── rustytransfer-native v0.1.0 (*)
      │   ├── anstyle-wincon v3.0.11
      │   │   └── anstream v0.6.21 (*)
      │   ├── console v0.16.2
      │   │   └── indicatif v0.18.3
      │   │       └── rustytransfer v0.1.0 (*)
      │   ├── errno v0.3.14
      │   │   ├── rustix v0.38.44
      │   │   │   └── crossterm v0.28.1 (*)
      │   │   └── rustix v1.1.2
      │   │       └── tempfile v3.23.0
      │   │           └── native-tls v0.2.14
      │   │               ├── hyper-tls v0.6.0 (*)
      │   │               ├── reqwest v0.12.25 (*)
      │   │               └── tokio-native-tls v0.3.1
      │   │                   ├── hyper-tls v0.6.0 (*)
      │   │                   └── reqwest v0.12.25 (*)
      │   ├── ipconfig v0.3.4 (*)
      │   ├── mio v1.2.3
      │   │   ├── crossterm v0.28.1 (*)
      │   │   ├── signal-hook-mio v0.2.5
      │   │   │   └── crossterm v0.28.1 (*)
      │   │   └── tokio v1.53.1
      │   │       ├── axum v0.8.9 (*)
      │   │       ├── backon v1.6.0
      │   │       │   └── iroh v1.2.0 (*)
      │   │       ├── h2 v0.4.16
      │   │       │   ├── hyper v1.8.1
      │   │       │   │   ├── axum v0.8.9 (*)
      │   │       │   │   ├── hyper-rustls v0.27.7 (*)
      │   │       │   │   ├── hyper-tls v0.6.0 (*)
      │   │       │   │   ├── hyper-util v0.1.19 (*)
      │   │       │   │   ├── iroh-metrics v1.0.1 (*)
      │   │       │   │   ├── iroh-relay v1.2.0 (*)
      │   │       │   │   ├── reqwest v0.12.25 (*)
      │   │       │   │   └── reqwest v0.13.5 (*)
      │   │       │   └── reqwest v0.12.25 (*)
      │   │       ├── hyper v1.8.1 (*)
      │   │       ├── hyper-rustls v0.27.7 (*)
      │   │       ├── hyper-tls v0.6.0 (*)
      │   │       ├── hyper-util v0.1.19 (*)
      │   │       ├── iroh v1.2.0 (*)
      │   │       ├── iroh-dns v1.3.0 (*)
      │   │       ├── iroh-metrics v1.0.1 (*)
      │   │       ├── iroh-relay v1.2.0 (*)
      │   │       ├── n0-dns-resolver v0.1.0 (*)
      │   │       ├── n0-future v0.3.2
      │   │       │   ├── iroh v1.2.0 (*)
      │   │       │   ├── iroh-dns v1.3.0 (*)
      │   │       │   ├── iroh-relay v1.2.0 (*)
      │   │       │   ├── n0-dns-resolver v0.1.0 (*)
      │   │       │   ├── n0-watcher v1.0.0
      │   │       │   │   ├── iroh v1.2.0 (*)
      │   │       │   │   └── netwatch v0.19.3 (*)
      │   │       │   └── netwatch v0.19.3 (*)
      │   │       ├── netlink-sys v0.8.8
      │   │       │   ├── netdev v0.45.1
      │   │       │   │   └── netwatch v0.19.3 (*)
      │   │       │   ├── netlink-proto v0.12.2
      │   │       │   │   └── netwatch v0.19.3 (*)
      │   │       │   └── netwatch v0.19.3 (*)
      │   │       ├── netwatch v0.19.3 (*)
      │   │       ├── noq v1.3.0 (*)
      │   │       ├── reloadable-state v0.1.0
      │   │       │   ├── iroh-relay v1.2.0 (*)
      │   │       │   └── rustls-cert-reloadable-resolver v0.7.1
      │   │       │       └── iroh-relay v1.2.0 (*)
      │   │       ├── reqwest v0.12.25 (*)
      │   │       ├── reqwest v0.13.5 (*)
      │   │       ├── rustls-cert-file-reader v0.4.2
      │   │       │   └── iroh-relay v1.2.0 (*)
      │   │       ├── rustytransfer v0.1.0 (*)
      │   │       ├── rustytransfer-native v0.1.0 (*)
      │   │       ├── rustytransfer-transfer v0.1.0
      │   │       │   ├── rustytransfer v0.1.0 (*)
      │   │       │   └── rustytransfer-native v0.1.0 (*)
      │   │       ├── tokio-native-tls v0.3.1 (*)
      │   │       ├── tokio-rustls v0.26.4
      │   │       │   ├── hyper-rustls v0.27.7 (*)
      │   │       │   ├── iroh-relay v1.2.0 (*)
      │   │       │   ├── n0-dns-resolver v0.1.0 (*)
      │   │       │   ├── reqwest v0.13.5 (*)
      │   │       │   ├── tokio-rustls-acme v0.9.1 (*)
      │   │       │   ├── tokio-tungstenite v0.28.0
      │   │       │   │   └── rustytransfer-native v0.1.0 (*)
      │   │       │   └── tokio-websockets v0.13.3
      │   │       │       └── iroh-relay v1.2.0 (*)
      │   │       ├── tokio-rustls-acme v0.9.1 (*)
      │   │       ├── tokio-stream v0.1.19
      │   │       │   ├── iroh v1.2.0 (*)
      │   │       │   └── noq v1.3.0 (*)
      │   │       ├── tokio-tungstenite v0.28.0 (*)
      │   │       ├── tokio-util v0.7.19
      │   │       │   ├── h2 v0.4.16 (*)
      │   │       │   ├── iroh v1.2.0 (*)
      │   │       │   ├── iroh-metrics v1.0.1 (*)
      │   │       │   ├── iroh-relay v1.2.0 (*)
      │   │       │   ├── n0-future v0.3.2 (*)
      │   │       │   ├── netwatch v0.19.3 (*)
      │   │       │   ├── reqwest v0.12.25 (*)
      │   │       │   ├── reqwest v0.13.5 (*)
      │   │       │   ├── tokio-stream v0.1.19 (*)
      │   │       │   └── tokio-websockets v0.13.3 (*)
      │   │       ├── tokio-websockets v0.13.3 (*)
      │   │       ├── tower v0.5.2
      │   │       │   ├── axum v0.8.9 (*)
      │   │       │   ├── reqwest v0.12.25 (*)
      │   │       │   ├── reqwest v0.13.5 (*)
      │   │       │   └── tower-http v0.6.8
      │   │       │       ├── reqwest v0.12.25 (*)
      │   │       │       └── reqwest v0.13.5 (*)
      │   │       └── webrtc v0.21.0
      │   │           ├── (dev) rustytransfer v0.1.0 (*)
      │   │           └── rustytransfer-native v0.1.0 (*)
      │   ├── netdev v0.45.1 (*)
      │   ├── netdev v0.46.3
      │   │   └── netwatch v0.19.3 (*)
      │   ├── noq-udp v1.3.0
      │   │   ├── iroh v1.2.0 (*)
      │   │   ├── netwatch v0.19.3 (*)
      │   │   └── noq v1.3.0 (*)
      │   ├── nu-ansi-term v0.50.3
      │   │   └── tracing-subscriber v0.3.22
      │   │       ├── iroh-relay v1.2.0 (*)
      │   │       └── loom v0.7.2
      │   │           └── cordyceps v0.3.5
      │   │               └── futures-buffered v0.2.13
      │   │                   └── n0-future v0.3.2 (*)
      │   ├── quinn-udp v0.6.2
      │   │   └── webrtc v0.21.0 (*)
      │   ├── rustix v1.1.2 (*)
      │   ├── rustls-platform-verifier v0.7.0 (*)
      │   ├── rustytransfer-transfer v0.1.0 (*)
      │   ├── schannel v0.1.28
      │   │   ├── native-tls v0.2.14 (*)
      │   │   └── rustls-native-certs v0.8.4
      │   │       └── rustls-platform-verifier v0.7.0 (*)
      │   ├── socket2 v0.6.5
      │   │   ├── hyper-util v0.1.19 (*)
      │   │   ├── ipconfig v0.3.4 (*)
      │   │   ├── netwatch v0.19.3 (*)
      │   │   ├── noq v1.3.0 (*)
      │   │   ├── noq-udp v1.3.0 (*)
      │   │   ├── quinn-udp v0.6.2 (*)
      │   │   ├── rtc-mdns v0.21.0
      │   │   │   ├── rtc v0.21.0
      │   │   │   │   └── webrtc v0.21.0 (*)
      │   │   │   └── rtc-ice v0.21.0
      │   │   │       └── rtc v0.21.0 (*)
      │   │   └── tokio v1.53.1 (*)
      │   ├── tempfile v3.23.0 (*)
      │   ├── tokio v1.53.1 (*)
      │   └── winapi-util v0.1.11
      │       ├── same-file v1.0.6
      │       │   └── walkdir v2.5.0
      │       │       ├── (build) jni v0.21.1
      │       │       │   ├── netdev v0.45.1 (*)
      │       │       │   └── netdev v0.46.3 (*)
      │       │       └── (build) jni v0.22.4 (*)
      │       └── walkdir v2.5.0 (*)
      └── windows-threading v0.2.1
          └── windows-future v0.3.2 (*)

warning[duplicate]: found 2 duplicate entries for crate 'windows-numerics'
    ┌─ /mnt/c/Users/wasil/Documents/GitHub/rustytransfer/Cargo.lock:515:1
    │  
515 │ ╭ windows-numerics 0.2.0 registry+https://github.com/rust-lang/crates.io-index
516 │ │ windows-numerics 0.3.1 registry+https://github.com/rust-lang/crates.io-index
    │ ╰────────────────────────────────────────────────────────────────────────────┘ lock entries
    │  
    ├ windows-numerics v0.2.0
      └── windows v0.61.3
          └── generator v0.8.7
              └── loom v0.7.2
                  └── cordyceps v0.3.5
                      └── futures-buffered v0.2.13
                          └── n0-future v0.3.2
                              ├── iroh v1.2.0
                              │   ├── (dev) rustytransfer v0.1.0
                              │   └── rustytransfer-native v0.1.0
                              │       └── rustytransfer v0.1.0 (*)
                              ├── iroh-dns v1.3.0
                              │   ├── iroh v1.2.0 (*)
                              │   └── iroh-relay v1.2.0
                              │       └── iroh v1.2.0 (*)
                              ├── iroh-relay v1.2.0 (*)
                              ├── n0-dns-resolver v0.1.0
                              │   └── iroh-dns v1.3.0 (*)
                              ├── n0-watcher v1.0.0
                              │   ├── iroh v1.2.0 (*)
                              │   └── netwatch v0.19.3
                              │       └── iroh v1.2.0 (*)
                              └── netwatch v0.19.3 (*)
    ├ windows-numerics v0.3.1
      └── windows v0.62.2
          ├── netwatch v0.19.3
          │   └── iroh v1.2.0
          │       ├── (dev) rustytransfer v0.1.0
          │       └── rustytransfer-native v0.1.0
          │           └── rustytransfer v0.1.0 (*)
          └── wmi v0.18.4
              └── netwatch v0.19.3 (*)

warning[duplicate]: found 2 duplicate entries for crate 'windows-result'
    ┌─ /mnt/c/Users/wasil/Documents/GitHub/rustytransfer/Cargo.lock:518:1
    │  
518 │ ╭ windows-result 0.3.4 registry+https://github.com/rust-lang/crates.io-index
519 │ │ windows-result 0.4.1 registry+https://github.com/rust-lang/crates.io-index
    │ ╰──────────────────────────────────────────────────────────────────────────┘ lock entries
    │  
    ├ windows-result v0.3.4
      └── windows-core v0.61.2
          ├── windows v0.61.3
          │   └── generator v0.8.7
          │       └── loom v0.7.2
          │           └── cordyceps v0.3.5
          │               └── futures-buffered v0.2.13
          │                   └── n0-future v0.3.2
          │                       ├── iroh v1.2.0
          │                       │   ├── (dev) rustytransfer v0.1.0
          │                       │   └── rustytransfer-native v0.1.0
          │                       │       └── rustytransfer v0.1.0 (*)
          │                       ├── iroh-dns v1.3.0
          │                       │   ├── iroh v1.2.0 (*)
          │                       │   └── iroh-relay v1.2.0
          │                       │       └── iroh v1.2.0 (*)
          │                       ├── iroh-relay v1.2.0 (*)
          │                       ├── n0-dns-resolver v0.1.0
          │                       │   └── iroh-dns v1.3.0 (*)
          │                       ├── n0-watcher v1.0.0
          │                       │   ├── iroh v1.2.0 (*)
          │                       │   └── netwatch v0.19.3
          │                       │       └── iroh v1.2.0 (*)
          │                       └── netwatch v0.19.3 (*)
          ├── windows-collections v0.2.0
          │   └── windows v0.61.3 (*)
          ├── windows-future v0.2.1
          │   └── windows v0.61.3 (*)
          └── windows-numerics v0.2.0
              └── windows v0.61.3 (*)
    ├ windows-result v0.4.1
      ├── ipconfig v0.3.4
      │   └── n0-dns-resolver v0.1.0
      │       └── iroh-dns v1.3.0
      │           ├── iroh v1.2.0
      │           │   ├── (dev) rustytransfer v0.1.0
      │           │   └── rustytransfer-native v0.1.0
      │           │       └── rustytransfer v0.1.0 (*)
      │           └── iroh-relay v1.2.0
      │               └── iroh v1.2.0 (*)
      ├── netwatch v0.19.3
      │   └── iroh v1.2.0 (*)
      ├── windows-core v0.62.2
      │   ├── iana-time-zone v0.1.65
      │   │   └── chrono v0.4.45
      │   │       ├── tokio-rustls-acme v0.9.1
      │   │       │   └── iroh-relay v1.2.0 (*)
      │   │       └── wmi v0.18.4
      │   │           └── netwatch v0.19.3 (*)
      │   ├── windows v0.62.2
      │   │   ├── netwatch v0.19.3 (*)
      │   │   └── wmi v0.18.4 (*)
      │   ├── windows-collections v0.3.2
      │   │   └── windows v0.62.2 (*)
      │   ├── windows-future v0.3.2
      │   │   └── windows v0.62.2 (*)
      │   ├── windows-numerics v0.3.1
      │   │   └── windows v0.62.2 (*)
      │   └── wmi v0.18.4 (*)
      └── windows-registry v0.6.1
          ├── hyper-util v0.1.19
          │   ├── axum v0.8.9
          │   │   └── iroh v1.2.0 (*)
          │   ├── hyper-rustls v0.27.7
          │   │   └── reqwest v0.13.5
          │   │       ├── iroh v1.2.0 (*)
          │   │       ├── iroh-metrics v1.0.1
          │   │       │   ├── iroh v1.2.0 (*)
          │   │       │   └── iroh-relay v1.2.0 (*)
          │   │       ├── iroh-relay v1.2.0 (*)
          │   │       ├── n0-dns-resolver v0.1.0 (*)
          │   │       └── tokio-rustls-acme v0.9.1 (*)
          │   ├── hyper-tls v0.6.0
          │   │   └── reqwest v0.12.25
          │   │       └── rustytransfer-native v0.1.0 (*)
          │   ├── iroh-metrics v1.0.1 (*)
          │   ├── iroh-relay v1.2.0 (*)
          │   ├── reqwest v0.12.25 (*)
          │   └── reqwest v0.13.5 (*)
          └── ipconfig v0.3.4 (*)

warning[duplicate]: found 2 duplicate entries for crate 'windows-strings'
    ┌─ /mnt/c/Users/wasil/Documents/GitHub/rustytransfer/Cargo.lock:520:1
    │  
520 │ ╭ windows-strings 0.4.2 registry+https://github.com/rust-lang/crates.io-index
521 │ │ windows-strings 0.5.1 registry+https://github.com/rust-lang/crates.io-index
    │ ╰───────────────────────────────────────────────────────────────────────────┘ lock entries
    │  
    ├ windows-strings v0.4.2
      └── windows-core v0.61.2
          ├── windows v0.61.3
          │   └── generator v0.8.7
          │       └── loom v0.7.2
          │           └── cordyceps v0.3.5
          │               └── futures-buffered v0.2.13
          │                   └── n0-future v0.3.2
          │                       ├── iroh v1.2.0
          │                       │   ├── (dev) rustytransfer v0.1.0
          │                       │   └── rustytransfer-native v0.1.0
          │                       │       └── rustytransfer v0.1.0 (*)
          │                       ├── iroh-dns v1.3.0
          │                       │   ├── iroh v1.2.0 (*)
          │                       │   └── iroh-relay v1.2.0
          │                       │       └── iroh v1.2.0 (*)
          │                       ├── iroh-relay v1.2.0 (*)
          │                       ├── n0-dns-resolver v0.1.0
          │                       │   └── iroh-dns v1.3.0 (*)
          │                       ├── n0-watcher v1.0.0
          │                       │   ├── iroh v1.2.0 (*)
          │                       │   └── netwatch v0.19.3
          │                       │       └── iroh v1.2.0 (*)
          │                       └── netwatch v0.19.3 (*)
          ├── windows-collections v0.2.0
          │   └── windows v0.61.3 (*)
          ├── windows-future v0.2.1
          │   └── windows v0.61.3 (*)
          └── windows-numerics v0.2.0
              └── windows v0.61.3 (*)
    ├ windows-strings v0.5.1
      ├── windows-core v0.62.2
      │   ├── iana-time-zone v0.1.65
      │   │   └── chrono v0.4.45
      │   │       ├── tokio-rustls-acme v0.9.1
      │   │       │   └── iroh-relay v1.2.0
      │   │       │       └── iroh v1.2.0
      │   │       │           ├── (dev) rustytransfer v0.1.0
      │   │       │           └── rustytransfer-native v0.1.0
      │   │       │               └── rustytransfer v0.1.0 (*)
      │   │       └── wmi v0.18.4
      │   │           └── netwatch v0.19.3
      │   │               └── iroh v1.2.0 (*)
      │   ├── windows v0.62.2
      │   │   ├── netwatch v0.19.3 (*)
      │   │   └── wmi v0.18.4 (*)
      │   ├── windows-collections v0.3.2
      │   │   └── windows v0.62.2 (*)
      │   ├── windows-future v0.3.2
      │   │   └── windows v0.62.2 (*)
      │   ├── windows-numerics v0.3.1
      │   │   └── windows v0.62.2 (*)
      │   └── wmi v0.18.4 (*)
      └── windows-registry v0.6.1
          ├── hyper-util v0.1.19
          │   ├── axum v0.8.9
          │   │   └── iroh v1.2.0 (*)
          │   ├── hyper-rustls v0.27.7
          │   │   └── reqwest v0.13.5
          │   │       ├── iroh v1.2.0 (*)
          │   │       ├── iroh-metrics v1.0.1
          │   │       │   ├── iroh v1.2.0 (*)
          │   │       │   └── iroh-relay v1.2.0 (*)
          │   │       ├── iroh-relay v1.2.0 (*)
          │   │       ├── n0-dns-resolver v0.1.0
          │   │       │   └── iroh-dns v1.3.0
          │   │       │       ├── iroh v1.2.0 (*)
          │   │       │       └── iroh-relay v1.2.0 (*)
          │   │       └── tokio-rustls-acme v0.9.1 (*)
          │   ├── hyper-tls v0.6.0
          │   │   └── reqwest v0.12.25
          │   │       └── rustytransfer-native v0.1.0 (*)
          │   ├── iroh-metrics v1.0.1 (*)
          │   ├── iroh-relay v1.2.0 (*)
          │   ├── reqwest v0.12.25 (*)
          │   └── reqwest v0.13.5 (*)
          └── ipconfig v0.3.4
              └── n0-dns-resolver v0.1.0 (*)

warning[duplicate]: found 3 duplicate entries for crate 'windows-sys'
    ┌─ /mnt/c/Users/wasil/Documents/GitHub/rustytransfer/Cargo.lock:522:1
    │  
522 │ ╭ windows-sys 0.45.0 registry+https://github.com/rust-lang/crates.io-index
523 │ │ windows-sys 0.52.0 registry+https://github.com/rust-lang/crates.io-index
524 │ │ windows-sys 0.61.2 registry+https://github.com/rust-lang/crates.io-index
    │ ╰────────────────────────────────────────────────────────────────────────┘ lock entries
    │  
    ├ windows-sys v0.45.0
      └── jni v0.21.1
          ├── netdev v0.45.1
          │   └── netwatch v0.19.3
          │       └── iroh v1.2.0
          │           ├── (dev) rustytransfer v0.1.0
          │           └── rustytransfer-native v0.1.0
          │               └── rustytransfer v0.1.0 (*)
          └── netdev v0.46.3
              └── netwatch v0.19.3 (*)
    ├ windows-sys v0.52.0
      ├── ring v0.17.14
      │   ├── noq-proto v1.3.0
      │   │   ├── iroh v1.2.0
      │   │   │   ├── (dev) rustytransfer v0.1.0
      │   │   │   └── rustytransfer-native v0.1.0
      │   │   │       └── rustytransfer v0.1.0 (*)
      │   │   ├── iroh-relay v1.2.0
      │   │   │   └── iroh v1.2.0 (*)
      │   │   └── noq v1.3.0
      │   │       ├── iroh v1.2.0 (*)
      │   │       └── iroh-relay v1.2.0 (*)
      │   ├── rcgen v0.14.10
      │   │   ├── iroh-relay v1.2.0 (*)
      │   │   ├── rtc v0.21.0
      │   │   │   └── webrtc v0.21.0
      │   │   │       ├── (dev) rustytransfer v0.1.0 (*)
      │   │   │       └── rustytransfer-native v0.1.0 (*)
      │   │   ├── rtc-dtls v0.21.0
      │   │   │   └── rtc v0.21.0 (*)
      │   │   └── tokio-rustls-acme v0.9.1
      │   │       └── iroh-relay v1.2.0 (*)
      │   ├── rtc-crypto v0.21.0
      │   │   ├── rtc v0.21.0 (*)
      │   │   ├── rtc-dtls v0.21.0 (*)
      │   │   ├── rtc-ice v0.21.0
      │   │   │   └── rtc v0.21.0 (*)
      │   │   ├── rtc-srtp v0.21.0
      │   │   │   └── rtc v0.21.0 (*)
      │   │   ├── rtc-stun v0.21.0
      │   │   │   ├── rtc v0.21.0 (*)
      │   │   │   ├── rtc-ice v0.21.0 (*)
      │   │   │   └── rtc-turn v0.21.0
      │   │   │       └── rtc v0.21.0 (*)
      │   │   └── rtc-turn v0.21.0 (*)
      │   ├── rustls v0.23.45
      │   │   ├── hyper-rustls v0.27.7
      │   │   │   └── reqwest v0.13.5
      │   │   │       ├── iroh v1.2.0 (*)
      │   │   │       ├── iroh-metrics v1.0.1
      │   │   │       │   ├── iroh v1.2.0 (*)
      │   │   │       │   └── iroh-relay v1.2.0 (*)
      │   │   │       ├── iroh-relay v1.2.0 (*)
      │   │   │       ├── n0-dns-resolver v0.1.0
      │   │   │       │   └── iroh-dns v1.3.0
      │   │   │       │       ├── iroh v1.2.0 (*)
      │   │   │       │       └── iroh-relay v1.2.0 (*)
      │   │   │       └── tokio-rustls-acme v0.9.1 (*)
      │   │   ├── iroh v1.2.0 (*)
      │   │   ├── iroh-dns v1.3.0 (*)
      │   │   ├── iroh-metrics v1.0.1 (*)
      │   │   ├── iroh-relay v1.2.0 (*)
      │   │   ├── n0-dns-resolver v0.1.0 (*)
      │   │   ├── noq v1.3.0 (*)
      │   │   ├── noq-proto v1.3.0 (*)
      │   │   ├── reqwest v0.13.5 (*)
      │   │   ├── rtc v0.21.0 (*)
      │   │   ├── rtc-dtls v0.21.0 (*)
      │   │   ├── rustls-cert-reloadable-resolver v0.7.1
      │   │   │   └── iroh-relay v1.2.0 (*)
      │   │   ├── rustls-platform-verifier v0.7.0
      │   │   │   ├── iroh-metrics v1.0.1 (*)
      │   │   │   ├── noq-proto v1.3.0 (*)
      │   │   │   └── reqwest v0.13.5 (*)
      │   │   ├── tokio-rustls v0.26.4
      │   │   │   ├── hyper-rustls v0.27.7 (*)
      │   │   │   ├── iroh-relay v1.2.0 (*)
      │   │   │   ├── n0-dns-resolver v0.1.0 (*)
      │   │   │   ├── reqwest v0.13.5 (*)
      │   │   │   ├── tokio-rustls-acme v0.9.1 (*)
      │   │   │   ├── tokio-tungstenite v0.28.0
      │   │   │   │   └── rustytransfer-native v0.1.0 (*)
      │   │   │   └── tokio-websockets v0.13.3
      │   │   │       └── iroh-relay v1.2.0 (*)
      │   │   ├── tokio-rustls-acme v0.9.1 (*)
      │   │   ├── tokio-tungstenite v0.28.0 (*)
      │   │   └── tungstenite v0.28.0
      │   │       └── tokio-tungstenite v0.28.0 (*)
      │   ├── rustls-webpki v0.103.15
      │   │   ├── rustls v0.23.45 (*)
      │   │   └── rustls-platform-verifier v0.7.0 (*)
      │   ├── tokio-rustls-acme v0.9.1 (*)
      │   ├── tokio-websockets v0.13.3 (*)
      │   └── x509-parser v0.18.1
      │       ├── rcgen v0.14.10 (*)
      │       └── tokio-rustls-acme v0.9.1 (*)
      └── rustix v0.38.44
          └── crossterm v0.28.1
              ├── ratatui v0.29.0
              │   ├── ratatui-explorer v0.2.1
              │   │   └── rustytransfer v0.1.0 (*)
              │   └── rustytransfer v0.1.0 (*)
              └── rustytransfer v0.1.0 (*)
    ├ windows-sys v0.61.2
      ├── anstyle-query v1.1.5
      │   └── anstream v0.6.21
      │       └── clap_builder v4.5.54
      │           └── clap v4.5.54
      │               ├── iroh-relay v1.2.0
      │               │   └── iroh v1.2.0
      │               │       ├── (dev) rustytransfer v0.1.0
      │               │       └── rustytransfer-native v0.1.0
      │               │           └── rustytransfer v0.1.0 (*)
      │               ├── rustytransfer v0.1.0 (*)
      │               └── rustytransfer-native v0.1.0 (*)
      ├── anstyle-wincon v3.0.11
      │   └── anstream v0.6.21 (*)
      ├── console v0.16.2
      │   └── indicatif v0.18.3
      │       └── rustytransfer v0.1.0 (*)
      ├── errno v0.3.14
      │   ├── rustix v0.38.44
      │   │   └── crossterm v0.28.1
      │   │       ├── ratatui v0.29.0
      │   │       │   ├── ratatui-explorer v0.2.1
      │   │       │   │   └── rustytransfer v0.1.0 (*)
      │   │       │   └── rustytransfer v0.1.0 (*)
      │   │       └── rustytransfer v0.1.0 (*)
      │   └── rustix v1.1.2
      │       └── tempfile v3.23.0
      │           └── native-tls v0.2.14
      │               ├── hyper-tls v0.6.0
      │               │   └── reqwest v0.12.25
      │               │       └── rustytransfer-native v0.1.0 (*)
      │               ├── reqwest v0.12.25 (*)
      │               └── tokio-native-tls v0.3.1
      │                   ├── hyper-tls v0.6.0 (*)
      │                   └── reqwest v0.12.25 (*)
      ├── ipconfig v0.3.4
      │   └── n0-dns-resolver v0.1.0
      │       └── iroh-dns v1.3.0
      │           ├── iroh v1.2.0 (*)
      │           └── iroh-relay v1.2.0 (*)
      ├── mio v1.2.3
      │   ├── crossterm v0.28.1 (*)
      │   ├── signal-hook-mio v0.2.5
      │   │   └── crossterm v0.28.1 (*)
      │   └── tokio v1.53.1
      │       ├── axum v0.8.9
      │       │   └── iroh v1.2.0 (*)
      │       ├── backon v1.6.0
      │       │   └── iroh v1.2.0 (*)
      │       ├── h2 v0.4.16
      │       │   ├── hyper v1.8.1
      │       │   │   ├── axum v0.8.9 (*)
      │       │   │   ├── hyper-rustls v0.27.7
      │       │   │   │   └── reqwest v0.13.5
      │       │   │   │       ├── iroh v1.2.0 (*)
      │       │   │   │       ├── iroh-metrics v1.0.1
      │       │   │   │       │   ├── iroh v1.2.0 (*)
      │       │   │   │       │   └── iroh-relay v1.2.0 (*)
      │       │   │   │       ├── iroh-relay v1.2.0 (*)
      │       │   │   │       ├── n0-dns-resolver v0.1.0 (*)
      │       │   │   │       └── tokio-rustls-acme v0.9.1
      │       │   │   │           └── iroh-relay v1.2.0 (*)
      │       │   │   ├── hyper-tls v0.6.0 (*)
      │       │   │   ├── hyper-util v0.1.19
      │       │   │   │   ├── axum v0.8.9 (*)
      │       │   │   │   ├── hyper-rustls v0.27.7 (*)
      │       │   │   │   ├── hyper-tls v0.6.0 (*)
      │       │   │   │   ├── iroh-metrics v1.0.1 (*)
      │       │   │   │   ├── iroh-relay v1.2.0 (*)
      │       │   │   │   ├── reqwest v0.12.25 (*)
      │       │   │   │   └── reqwest v0.13.5 (*)
      │       │   │   ├── iroh-metrics v1.0.1 (*)
      │       │   │   ├── iroh-relay v1.2.0 (*)
      │       │   │   ├── reqwest v0.12.25 (*)
      │       │   │   └── reqwest v0.13.5 (*)
      │       │   └── reqwest v0.12.25 (*)
      │       ├── hyper v1.8.1 (*)
      │       ├── hyper-rustls v0.27.7 (*)
      │       ├── hyper-tls v0.6.0 (*)
      │       ├── hyper-util v0.1.19 (*)
      │       ├── iroh v1.2.0 (*)
      │       ├── iroh-dns v1.3.0 (*)
      │       ├── iroh-metrics v1.0.1 (*)
      │       ├── iroh-relay v1.2.0 (*)
      │       ├── n0-dns-resolver v0.1.0 (*)
      │       ├── n0-future v0.3.2
      │       │   ├── iroh v1.2.0 (*)
      │       │   ├── iroh-dns v1.3.0 (*)
      │       │   ├── iroh-relay v1.2.0 (*)
      │       │   ├── n0-dns-resolver v0.1.0 (*)
      │       │   ├── n0-watcher v1.0.0
      │       │   │   ├── iroh v1.2.0 (*)
      │       │   │   └── netwatch v0.19.3
      │       │   │       └── iroh v1.2.0 (*)
      │       │   └── netwatch v0.19.3 (*)
      │       ├── netlink-sys v0.8.8
      │       │   ├── netdev v0.45.1
      │       │   │   └── netwatch v0.19.3 (*)
      │       │   ├── netlink-proto v0.12.2
      │       │   │   └── netwatch v0.19.3 (*)
      │       │   └── netwatch v0.19.3 (*)
      │       ├── netwatch v0.19.3 (*)
      │       ├── noq v1.3.0
      │       │   ├── iroh v1.2.0 (*)
      │       │   └── iroh-relay v1.2.0 (*)
      │       ├── reloadable-state v0.1.0
      │       │   ├── iroh-relay v1.2.0 (*)
      │       │   └── rustls-cert-reloadable-resolver v0.7.1
      │       │       └── iroh-relay v1.2.0 (*)
      │       ├── reqwest v0.12.25 (*)
      │       ├── reqwest v0.13.5 (*)
      │       ├── rustls-cert-file-reader v0.4.2
      │       │   └── iroh-relay v1.2.0 (*)
      │       ├── rustytransfer v0.1.0 (*)
      │       ├── rustytransfer-native v0.1.0 (*)
      │       ├── rustytransfer-transfer v0.1.0
      │       │   ├── rustytransfer v0.1.0 (*)
      │       │   └── rustytransfer-native v0.1.0 (*)
      │       ├── tokio-native-tls v0.3.1 (*)
      │       ├── tokio-rustls v0.26.4
      │       │   ├── hyper-rustls v0.27.7 (*)
      │       │   ├── iroh-relay v1.2.0 (*)
      │       │   ├── n0-dns-resolver v0.1.0 (*)
      │       │   ├── reqwest v0.13.5 (*)
      │       │   ├── tokio-rustls-acme v0.9.1 (*)
      │       │   ├── tokio-tungstenite v0.28.0
      │       │   │   └── rustytransfer-native v0.1.0 (*)
      │       │   └── tokio-websockets v0.13.3
      │       │       └── iroh-relay v1.2.0 (*)
      │       ├── tokio-rustls-acme v0.9.1 (*)
      │       ├── tokio-stream v0.1.19
      │       │   ├── iroh v1.2.0 (*)
      │       │   └── noq v1.3.0 (*)
      │       ├── tokio-tungstenite v0.28.0 (*)
      │       ├── tokio-util v0.7.19
      │       │   ├── h2 v0.4.16 (*)
      │       │   ├── iroh v1.2.0 (*)
      │       │   ├── iroh-metrics v1.0.1 (*)
      │       │   ├── iroh-relay v1.2.0 (*)
      │       │   ├── n0-future v0.3.2 (*)
      │       │   ├── netwatch v0.19.3 (*)
      │       │   ├── reqwest v0.12.25 (*)
      │       │   ├── reqwest v0.13.5 (*)
      │       │   ├── tokio-stream v0.1.19 (*)
      │       │   └── tokio-websockets v0.13.3 (*)
      │       ├── tokio-websockets v0.13.3 (*)
      │       ├── tower v0.5.2
      │       │   ├── axum v0.8.9 (*)
      │       │   ├── reqwest v0.12.25 (*)
      │       │   ├── reqwest v0.13.5 (*)
      │       │   └── tower-http v0.6.8
      │       │       ├── reqwest v0.12.25 (*)
      │       │       └── reqwest v0.13.5 (*)
      │       └── webrtc v0.21.0
      │           ├── (dev) rustytransfer v0.1.0 (*)
      │           └── rustytransfer-native v0.1.0 (*)
      ├── netdev v0.45.1 (*)
      ├── netdev v0.46.3
      │   └── netwatch v0.19.3 (*)
      ├── noq-udp v1.3.0
      │   ├── iroh v1.2.0 (*)
      │   ├── netwatch v0.19.3 (*)
      │   └── noq v1.3.0 (*)
      ├── nu-ansi-term v0.50.3
      │   └── tracing-subscriber v0.3.22
      │       ├── iroh-relay v1.2.0 (*)
      │       └── loom v0.7.2
      │           └── cordyceps v0.3.5
      │               └── futures-buffered v0.2.13
      │                   └── n0-future v0.3.2 (*)
      ├── quinn-udp v0.6.2
      │   └── webrtc v0.21.0 (*)
      ├── rustix v1.1.2 (*)
      ├── rustls-platform-verifier v0.7.0
      │   ├── iroh-metrics v1.0.1 (*)
      │   ├── noq-proto v1.3.0
      │   │   ├── iroh v1.2.0 (*)
      │   │   ├── iroh-relay v1.2.0 (*)
      │   │   └── noq v1.3.0 (*)
      │   └── reqwest v0.13.5 (*)
      ├── rustytransfer-transfer v0.1.0 (*)
      ├── schannel v0.1.28
      │   ├── native-tls v0.2.14 (*)
      │   └── rustls-native-certs v0.8.4
      │       └── rustls-platform-verifier v0.7.0 (*)
      ├── socket2 v0.6.5
      │   ├── hyper-util v0.1.19 (*)
      │   ├── ipconfig v0.3.4 (*)
      │   ├── netwatch v0.19.3 (*)
      │   ├── noq v1.3.0 (*)
      │   ├── noq-udp v1.3.0 (*)
      │   ├── quinn-udp v0.6.2 (*)
      │   ├── rtc-mdns v0.21.0
      │   │   ├── rtc v0.21.0
      │   │   │   └── webrtc v0.21.0 (*)
      │   │   └── rtc-ice v0.21.0
      │   │       └── rtc v0.21.0 (*)
      │   └── tokio v1.53.1 (*)
      ├── tempfile v3.23.0 (*)
      ├── tokio v1.53.1 (*)
      └── winapi-util v0.1.11
          ├── same-file v1.0.6
          │   └── walkdir v2.5.0
          │       ├── (build) jni v0.21.1
          │       │   ├── netdev v0.45.1 (*)
          │       │   └── netdev v0.46.3 (*)
          │       └── (build) jni v0.22.4
          │           ├── n0-dns-resolver v0.1.0 (*)
          │           └── rustls-platform-verifier v0.7.0 (*)
          └── walkdir v2.5.0 (*)

warning[duplicate]: found 2 duplicate entries for crate 'windows-targets'
    ┌─ /mnt/c/Users/wasil/Documents/GitHub/rustytransfer/Cargo.lock:525:1
    │  
525 │ ╭ windows-targets 0.42.2 registry+https://github.com/rust-lang/crates.io-index
526 │ │ windows-targets 0.52.6 registry+https://github.com/rust-lang/crates.io-index
    │ ╰────────────────────────────────────────────────────────────────────────────┘ lock entries
    │  
    ├ windows-targets v0.42.2
      └── windows-sys v0.45.0
          └── jni v0.21.1
              ├── netdev v0.45.1
              │   └── netwatch v0.19.3
              │       └── iroh v1.2.0
              │           ├── (dev) rustytransfer v0.1.0
              │           └── rustytransfer-native v0.1.0
              │               └── rustytransfer v0.1.0 (*)
              └── netdev v0.46.3
                  └── netwatch v0.19.3 (*)
    ├ windows-targets v0.52.6
      └── windows-sys v0.52.0
          ├── ring v0.17.14
          │   ├── noq-proto v1.3.0
          │   │   ├── iroh v1.2.0
          │   │   │   ├── (dev) rustytransfer v0.1.0
          │   │   │   └── rustytransfer-native v0.1.0
          │   │   │       └── rustytransfer v0.1.0 (*)
          │   │   ├── iroh-relay v1.2.0
          │   │   │   └── iroh v1.2.0 (*)
          │   │   └── noq v1.3.0
          │   │       ├── iroh v1.2.0 (*)
          │   │       └── iroh-relay v1.2.0 (*)
          │   ├── rcgen v0.14.10
          │   │   ├── iroh-relay v1.2.0 (*)
          │   │   ├── rtc v0.21.0
          │   │   │   └── webrtc v0.21.0
          │   │   │       ├── (dev) rustytransfer v0.1.0 (*)
          │   │   │       └── rustytransfer-native v0.1.0 (*)
          │   │   ├── rtc-dtls v0.21.0
          │   │   │   └── rtc v0.21.0 (*)
          │   │   └── tokio-rustls-acme v0.9.1
          │   │       └── iroh-relay v1.2.0 (*)
          │   ├── rtc-crypto v0.21.0
          │   │   ├── rtc v0.21.0 (*)
          │   │   ├── rtc-dtls v0.21.0 (*)
          │   │   ├── rtc-ice v0.21.0
          │   │   │   └── rtc v0.21.0 (*)
          │   │   ├── rtc-srtp v0.21.0
          │   │   │   └── rtc v0.21.0 (*)
          │   │   ├── rtc-stun v0.21.0
          │   │   │   ├── rtc v0.21.0 (*)
          │   │   │   ├── rtc-ice v0.21.0 (*)
          │   │   │   └── rtc-turn v0.21.0
          │   │   │       └── rtc v0.21.0 (*)
          │   │   └── rtc-turn v0.21.0 (*)
          │   ├── rustls v0.23.45
          │   │   ├── hyper-rustls v0.27.7
          │   │   │   └── reqwest v0.13.5
          │   │   │       ├── iroh v1.2.0 (*)
          │   │   │       ├── iroh-metrics v1.0.1
          │   │   │       │   ├── iroh v1.2.0 (*)
          │   │   │       │   └── iroh-relay v1.2.0 (*)
          │   │   │       ├── iroh-relay v1.2.0 (*)
          │   │   │       ├── n0-dns-resolver v0.1.0
          │   │   │       │   └── iroh-dns v1.3.0
          │   │   │       │       ├── iroh v1.2.0 (*)
          │   │   │       │       └── iroh-relay v1.2.0 (*)
          │   │   │       └── tokio-rustls-acme v0.9.1 (*)
          │   │   ├── iroh v1.2.0 (*)
          │   │   ├── iroh-dns v1.3.0 (*)
          │   │   ├── iroh-metrics v1.0.1 (*)
          │   │   ├── iroh-relay v1.2.0 (*)
          │   │   ├── n0-dns-resolver v0.1.0 (*)
          │   │   ├── noq v1.3.0 (*)
          │   │   ├── noq-proto v1.3.0 (*)
          │   │   ├── reqwest v0.13.5 (*)
          │   │   ├── rtc v0.21.0 (*)
          │   │   ├── rtc-dtls v0.21.0 (*)
          │   │   ├── rustls-cert-reloadable-resolver v0.7.1
          │   │   │   └── iroh-relay v1.2.0 (*)
          │   │   ├── rustls-platform-verifier v0.7.0
          │   │   │   ├── iroh-metrics v1.0.1 (*)
          │   │   │   ├── noq-proto v1.3.0 (*)
          │   │   │   └── reqwest v0.13.5 (*)
          │   │   ├── tokio-rustls v0.26.4
          │   │   │   ├── hyper-rustls v0.27.7 (*)
          │   │   │   ├── iroh-relay v1.2.0 (*)
          │   │   │   ├── n0-dns-resolver v0.1.0 (*)
          │   │   │   ├── reqwest v0.13.5 (*)
          │   │   │   ├── tokio-rustls-acme v0.9.1 (*)
          │   │   │   ├── tokio-tungstenite v0.28.0
          │   │   │   │   └── rustytransfer-native v0.1.0 (*)
          │   │   │   └── tokio-websockets v0.13.3
          │   │   │       └── iroh-relay v1.2.0 (*)
          │   │   ├── tokio-rustls-acme v0.9.1 (*)
          │   │   ├── tokio-tungstenite v0.28.0 (*)
          │   │   └── tungstenite v0.28.0
          │   │       └── tokio-tungstenite v0.28.0 (*)
          │   ├── rustls-webpki v0.103.15
          │   │   ├── rustls v0.23.45 (*)
          │   │   └── rustls-platform-verifier v0.7.0 (*)
          │   ├── tokio-rustls-acme v0.9.1 (*)
          │   ├── tokio-websockets v0.13.3 (*)
          │   └── x509-parser v0.18.1
          │       ├── rcgen v0.14.10 (*)
          │       └── tokio-rustls-acme v0.9.1 (*)
          └── rustix v0.38.44
              └── crossterm v0.28.1
                  ├── ratatui v0.29.0
                  │   ├── ratatui-explorer v0.2.1
                  │   │   └── rustytransfer v0.1.0 (*)
                  │   └── rustytransfer v0.1.0 (*)
                  └── rustytransfer v0.1.0 (*)

warning[duplicate]: found 2 duplicate entries for crate 'windows-threading'
    ┌─ /mnt/c/Users/wasil/Documents/GitHub/rustytransfer/Cargo.lock:527:1
    │  
527 │ ╭ windows-threading 0.1.0 registry+https://github.com/rust-lang/crates.io-index
528 │ │ windows-threading 0.2.1 registry+https://github.com/rust-lang/crates.io-index
    │ ╰─────────────────────────────────────────────────────────────────────────────┘ lock entries
    │  
    ├ windows-threading v0.1.0
      └── windows-future v0.2.1
          └── windows v0.61.3
              └── generator v0.8.7
                  └── loom v0.7.2
                      └── cordyceps v0.3.5
                          └── futures-buffered v0.2.13
                              └── n0-future v0.3.2
                                  ├── iroh v1.2.0
                                  │   ├── (dev) rustytransfer v0.1.0
                                  │   └── rustytransfer-native v0.1.0
                                  │       └── rustytransfer v0.1.0 (*)
                                  ├── iroh-dns v1.3.0
                                  │   ├── iroh v1.2.0 (*)
                                  │   └── iroh-relay v1.2.0
                                  │       └── iroh v1.2.0 (*)
                                  ├── iroh-relay v1.2.0 (*)
                                  ├── n0-dns-resolver v0.1.0
                                  │   └── iroh-dns v1.3.0 (*)
                                  ├── n0-watcher v1.0.0
                                  │   ├── iroh v1.2.0 (*)
                                  │   └── netwatch v0.19.3
                                  │       └── iroh v1.2.0 (*)
                                  └── netwatch v0.19.3 (*)
    ├ windows-threading v0.2.1
      └── windows-future v0.3.2
          └── windows v0.62.2
              ├── netwatch v0.19.3
              │   └── iroh v1.2.0
              │       ├── (dev) rustytransfer v0.1.0
              │       └── rustytransfer-native v0.1.0
              │           └── rustytransfer v0.1.0 (*)
              └── wmi v0.18.4
                  └── netwatch v0.19.3 (*)

warning[duplicate]: found 2 duplicate entries for crate 'windows_aarch64_gnullvm'
    ┌─ /mnt/c/Users/wasil/Documents/GitHub/rustytransfer/Cargo.lock:529:1
    │  
529 │ ╭ windows_aarch64_gnullvm 0.42.2 registry+https://github.com/rust-lang/crates.io-index
530 │ │ windows_aarch64_gnullvm 0.52.6 registry+https://github.com/rust-lang/crates.io-index
    │ ╰────────────────────────────────────────────────────────────────────────────────────┘ lock entries
    │  
    ├ windows_aarch64_gnullvm v0.42.2
      └── windows-targets v0.42.2
          └── windows-sys v0.45.0
              └── jni v0.21.1
                  ├── netdev v0.45.1
                  │   └── netwatch v0.19.3
                  │       └── iroh v1.2.0
                  │           ├── (dev) rustytransfer v0.1.0
                  │           └── rustytransfer-native v0.1.0
                  │               └── rustytransfer v0.1.0 (*)
                  └── netdev v0.46.3
                      └── netwatch v0.19.3 (*)
    ├ windows_aarch64_gnullvm v0.52.6
      └── windows-targets v0.52.6
          └── windows-sys v0.52.0
              ├── ring v0.17.14
              │   ├── noq-proto v1.3.0
              │   │   ├── iroh v1.2.0
              │   │   │   ├── (dev) rustytransfer v0.1.0
              │   │   │   └── rustytransfer-native v0.1.0
              │   │   │       └── rustytransfer v0.1.0 (*)
              │   │   ├── iroh-relay v1.2.0
              │   │   │   └── iroh v1.2.0 (*)
              │   │   └── noq v1.3.0
              │   │       ├── iroh v1.2.0 (*)
              │   │       └── iroh-relay v1.2.0 (*)
              │   ├── rcgen v0.14.10
              │   │   ├── iroh-relay v1.2.0 (*)
              │   │   ├── rtc v0.21.0
              │   │   │   └── webrtc v0.21.0
              │   │   │       ├── (dev) rustytransfer v0.1.0 (*)
              │   │   │       └── rustytransfer-native v0.1.0 (*)
              │   │   ├── rtc-dtls v0.21.0
              │   │   │   └── rtc v0.21.0 (*)
              │   │   └── tokio-rustls-acme v0.9.1
              │   │       └── iroh-relay v1.2.0 (*)
              │   ├── rtc-crypto v0.21.0
              │   │   ├── rtc v0.21.0 (*)
              │   │   ├── rtc-dtls v0.21.0 (*)
              │   │   ├── rtc-ice v0.21.0
              │   │   │   └── rtc v0.21.0 (*)
              │   │   ├── rtc-srtp v0.21.0
              │   │   │   └── rtc v0.21.0 (*)
              │   │   ├── rtc-stun v0.21.0
              │   │   │   ├── rtc v0.21.0 (*)
              │   │   │   ├── rtc-ice v0.21.0 (*)
              │   │   │   └── rtc-turn v0.21.0
              │   │   │       └── rtc v0.21.0 (*)
              │   │   └── rtc-turn v0.21.0 (*)
              │   ├── rustls v0.23.45
              │   │   ├── hyper-rustls v0.27.7
              │   │   │   └── reqwest v0.13.5
              │   │   │       ├── iroh v1.2.0 (*)
              │   │   │       ├── iroh-metrics v1.0.1
              │   │   │       │   ├── iroh v1.2.0 (*)
              │   │   │       │   └── iroh-relay v1.2.0 (*)
              │   │   │       ├── iroh-relay v1.2.0 (*)
              │   │   │       ├── n0-dns-resolver v0.1.0
              │   │   │       │   └── iroh-dns v1.3.0
              │   │   │       │       ├── iroh v1.2.0 (*)
              │   │   │       │       └── iroh-relay v1.2.0 (*)
              │   │   │       └── tokio-rustls-acme v0.9.1 (*)
              │   │   ├── iroh v1.2.0 (*)
              │   │   ├── iroh-dns v1.3.0 (*)
              │   │   ├── iroh-metrics v1.0.1 (*)
              │   │   ├── iroh-relay v1.2.0 (*)
              │   │   ├── n0-dns-resolver v0.1.0 (*)
              │   │   ├── noq v1.3.0 (*)
              │   │   ├── noq-proto v1.3.0 (*)
              │   │   ├── reqwest v0.13.5 (*)
              │   │   ├── rtc v0.21.0 (*)
              │   │   ├── rtc-dtls v0.21.0 (*)
              │   │   ├── rustls-cert-reloadable-resolver v0.7.1
              │   │   │   └── iroh-relay v1.2.0 (*)
              │   │   ├── rustls-platform-verifier v0.7.0
              │   │   │   ├── iroh-metrics v1.0.1 (*)
              │   │   │   ├── noq-proto v1.3.0 (*)
              │   │   │   └── reqwest v0.13.5 (*)
              │   │   ├── tokio-rustls v0.26.4
              │   │   │   ├── hyper-rustls v0.27.7 (*)
              │   │   │   ├── iroh-relay v1.2.0 (*)
              │   │   │   ├── n0-dns-resolver v0.1.0 (*)
              │   │   │   ├── reqwest v0.13.5 (*)
              │   │   │   ├── tokio-rustls-acme v0.9.1 (*)
              │   │   │   ├── tokio-tungstenite v0.28.0
              │   │   │   │   └── rustytransfer-native v0.1.0 (*)
              │   │   │   └── tokio-websockets v0.13.3
              │   │   │       └── iroh-relay v1.2.0 (*)
              │   │   ├── tokio-rustls-acme v0.9.1 (*)
              │   │   ├── tokio-tungstenite v0.28.0 (*)
              │   │   └── tungstenite v0.28.0
              │   │       └── tokio-tungstenite v0.28.0 (*)
              │   ├── rustls-webpki v0.103.15
              │   │   ├── rustls v0.23.45 (*)
              │   │   └── rustls-platform-verifier v0.7.0 (*)
              │   ├── tokio-rustls-acme v0.9.1 (*)
              │   ├── tokio-websockets v0.13.3 (*)
              │   └── x509-parser v0.18.1
              │       ├── rcgen v0.14.10 (*)
              │       └── tokio-rustls-acme v0.9.1 (*)
              └── rustix v0.38.44
                  └── crossterm v0.28.1
                      ├── ratatui v0.29.0
                      │   ├── ratatui-explorer v0.2.1
                      │   │   └── rustytransfer v0.1.0 (*)
                      │   └── rustytransfer v0.1.0 (*)
                      └── rustytransfer v0.1.0 (*)

warning[duplicate]: found 2 duplicate entries for crate 'windows_aarch64_msvc'
    ┌─ /mnt/c/Users/wasil/Documents/GitHub/rustytransfer/Cargo.lock:531:1
    │  
531 │ ╭ windows_aarch64_msvc 0.42.2 registry+https://github.com/rust-lang/crates.io-index
532 │ │ windows_aarch64_msvc 0.52.6 registry+https://github.com/rust-lang/crates.io-index
    │ ╰─────────────────────────────────────────────────────────────────────────────────┘ lock entries
    │  
    ├ windows_aarch64_msvc v0.42.2
      └── windows-targets v0.42.2
          └── windows-sys v0.45.0
              └── jni v0.21.1
                  ├── netdev v0.45.1
                  │   └── netwatch v0.19.3
                  │       └── iroh v1.2.0
                  │           ├── (dev) rustytransfer v0.1.0
                  │           └── rustytransfer-native v0.1.0
                  │               └── rustytransfer v0.1.0 (*)
                  └── netdev v0.46.3
                      └── netwatch v0.19.3 (*)
    ├ windows_aarch64_msvc v0.52.6
      └── windows-targets v0.52.6
          └── windows-sys v0.52.0
              ├── ring v0.17.14
              │   ├── noq-proto v1.3.0
              │   │   ├── iroh v1.2.0
              │   │   │   ├── (dev) rustytransfer v0.1.0
              │   │   │   └── rustytransfer-native v0.1.0
              │   │   │       └── rustytransfer v0.1.0 (*)
              │   │   ├── iroh-relay v1.2.0
              │   │   │   └── iroh v1.2.0 (*)
              │   │   └── noq v1.3.0
              │   │       ├── iroh v1.2.0 (*)
              │   │       └── iroh-relay v1.2.0 (*)
              │   ├── rcgen v0.14.10
              │   │   ├── iroh-relay v1.2.0 (*)
              │   │   ├── rtc v0.21.0
              │   │   │   └── webrtc v0.21.0
              │   │   │       ├── (dev) rustytransfer v0.1.0 (*)
              │   │   │       └── rustytransfer-native v0.1.0 (*)
              │   │   ├── rtc-dtls v0.21.0
              │   │   │   └── rtc v0.21.0 (*)
              │   │   └── tokio-rustls-acme v0.9.1
              │   │       └── iroh-relay v1.2.0 (*)
              │   ├── rtc-crypto v0.21.0
              │   │   ├── rtc v0.21.0 (*)
              │   │   ├── rtc-dtls v0.21.0 (*)
              │   │   ├── rtc-ice v0.21.0
              │   │   │   └── rtc v0.21.0 (*)
              │   │   ├── rtc-srtp v0.21.0
              │   │   │   └── rtc v0.21.0 (*)
              │   │   ├── rtc-stun v0.21.0
              │   │   │   ├── rtc v0.21.0 (*)
              │   │   │   ├── rtc-ice v0.21.0 (*)
              │   │   │   └── rtc-turn v0.21.0
              │   │   │       └── rtc v0.21.0 (*)
              │   │   └── rtc-turn v0.21.0 (*)
              │   ├── rustls v0.23.45
              │   │   ├── hyper-rustls v0.27.7
              │   │   │   └── reqwest v0.13.5
              │   │   │       ├── iroh v1.2.0 (*)
              │   │   │       ├── iroh-metrics v1.0.1
              │   │   │       │   ├── iroh v1.2.0 (*)
              │   │   │       │   └── iroh-relay v1.2.0 (*)
              │   │   │       ├── iroh-relay v1.2.0 (*)
              │   │   │       ├── n0-dns-resolver v0.1.0
              │   │   │       │   └── iroh-dns v1.3.0
              │   │   │       │       ├── iroh v1.2.0 (*)
              │   │   │       │       └── iroh-relay v1.2.0 (*)
              │   │   │       └── tokio-rustls-acme v0.9.1 (*)
              │   │   ├── iroh v1.2.0 (*)
              │   │   ├── iroh-dns v1.3.0 (*)
              │   │   ├── iroh-metrics v1.0.1 (*)
              │   │   ├── iroh-relay v1.2.0 (*)
              │   │   ├── n0-dns-resolver v0.1.0 (*)
              │   │   ├── noq v1.3.0 (*)
              │   │   ├── noq-proto v1.3.0 (*)
              │   │   ├── reqwest v0.13.5 (*)
              │   │   ├── rtc v0.21.0 (*)
              │   │   ├── rtc-dtls v0.21.0 (*)
              │   │   ├── rustls-cert-reloadable-resolver v0.7.1
              │   │   │   └── iroh-relay v1.2.0 (*)
              │   │   ├── rustls-platform-verifier v0.7.0
              │   │   │   ├── iroh-metrics v1.0.1 (*)
              │   │   │   ├── noq-proto v1.3.0 (*)
              │   │   │   └── reqwest v0.13.5 (*)
              │   │   ├── tokio-rustls v0.26.4
              │   │   │   ├── hyper-rustls v0.27.7 (*)
              │   │   │   ├── iroh-relay v1.2.0 (*)
              │   │   │   ├── n0-dns-resolver v0.1.0 (*)
              │   │   │   ├── reqwest v0.13.5 (*)
              │   │   │   ├── tokio-rustls-acme v0.9.1 (*)
              │   │   │   ├── tokio-tungstenite v0.28.0
              │   │   │   │   └── rustytransfer-native v0.1.0 (*)
              │   │   │   └── tokio-websockets v0.13.3
              │   │   │       └── iroh-relay v1.2.0 (*)
              │   │   ├── tokio-rustls-acme v0.9.1 (*)
              │   │   ├── tokio-tungstenite v0.28.0 (*)
              │   │   └── tungstenite v0.28.0
              │   │       └── tokio-tungstenite v0.28.0 (*)
              │   ├── rustls-webpki v0.103.15
              │   │   ├── rustls v0.23.45 (*)
              │   │   └── rustls-platform-verifier v0.7.0 (*)
              │   ├── tokio-rustls-acme v0.9.1 (*)
              │   ├── tokio-websockets v0.13.3 (*)
              │   └── x509-parser v0.18.1
              │       ├── rcgen v0.14.10 (*)
              │       └── tokio-rustls-acme v0.9.1 (*)
              └── rustix v0.38.44
                  └── crossterm v0.28.1
                      ├── ratatui v0.29.0
                      │   ├── ratatui-explorer v0.2.1
                      │   │   └── rustytransfer v0.1.0 (*)
                      │   └── rustytransfer v0.1.0 (*)
                      └── rustytransfer v0.1.0 (*)

warning[duplicate]: found 2 duplicate entries for crate 'windows_i686_gnu'
    ┌─ /mnt/c/Users/wasil/Documents/GitHub/rustytransfer/Cargo.lock:533:1
    │  
533 │ ╭ windows_i686_gnu 0.42.2 registry+https://github.com/rust-lang/crates.io-index
534 │ │ windows_i686_gnu 0.52.6 registry+https://github.com/rust-lang/crates.io-index
    │ ╰─────────────────────────────────────────────────────────────────────────────┘ lock entries
    │  
    ├ windows_i686_gnu v0.42.2
      └── windows-targets v0.42.2
          └── windows-sys v0.45.0
              └── jni v0.21.1
                  ├── netdev v0.45.1
                  │   └── netwatch v0.19.3
                  │       └── iroh v1.2.0
                  │           ├── (dev) rustytransfer v0.1.0
                  │           └── rustytransfer-native v0.1.0
                  │               └── rustytransfer v0.1.0 (*)
                  └── netdev v0.46.3
                      └── netwatch v0.19.3 (*)
    ├ windows_i686_gnu v0.52.6
      └── windows-targets v0.52.6
          └── windows-sys v0.52.0
              ├── ring v0.17.14
              │   ├── noq-proto v1.3.0
              │   │   ├── iroh v1.2.0
              │   │   │   ├── (dev) rustytransfer v0.1.0
              │   │   │   └── rustytransfer-native v0.1.0
              │   │   │       └── rustytransfer v0.1.0 (*)
              │   │   ├── iroh-relay v1.2.0
              │   │   │   └── iroh v1.2.0 (*)
              │   │   └── noq v1.3.0
              │   │       ├── iroh v1.2.0 (*)
              │   │       └── iroh-relay v1.2.0 (*)
              │   ├── rcgen v0.14.10
              │   │   ├── iroh-relay v1.2.0 (*)
              │   │   ├── rtc v0.21.0
              │   │   │   └── webrtc v0.21.0
              │   │   │       ├── (dev) rustytransfer v0.1.0 (*)
              │   │   │       └── rustytransfer-native v0.1.0 (*)
              │   │   ├── rtc-dtls v0.21.0
              │   │   │   └── rtc v0.21.0 (*)
              │   │   └── tokio-rustls-acme v0.9.1
              │   │       └── iroh-relay v1.2.0 (*)
              │   ├── rtc-crypto v0.21.0
              │   │   ├── rtc v0.21.0 (*)
              │   │   ├── rtc-dtls v0.21.0 (*)
              │   │   ├── rtc-ice v0.21.0
              │   │   │   └── rtc v0.21.0 (*)
              │   │   ├── rtc-srtp v0.21.0
              │   │   │   └── rtc v0.21.0 (*)
              │   │   ├── rtc-stun v0.21.0
              │   │   │   ├── rtc v0.21.0 (*)
              │   │   │   ├── rtc-ice v0.21.0 (*)
              │   │   │   └── rtc-turn v0.21.0
              │   │   │       └── rtc v0.21.0 (*)
              │   │   └── rtc-turn v0.21.0 (*)
              │   ├── rustls v0.23.45
              │   │   ├── hyper-rustls v0.27.7
              │   │   │   └── reqwest v0.13.5
              │   │   │       ├── iroh v1.2.0 (*)
              │   │   │       ├── iroh-metrics v1.0.1
              │   │   │       │   ├── iroh v1.2.0 (*)
              │   │   │       │   └── iroh-relay v1.2.0 (*)
              │   │   │       ├── iroh-relay v1.2.0 (*)
              │   │   │       ├── n0-dns-resolver v0.1.0
              │   │   │       │   └── iroh-dns v1.3.0
              │   │   │       │       ├── iroh v1.2.0 (*)
              │   │   │       │       └── iroh-relay v1.2.0 (*)
              │   │   │       └── tokio-rustls-acme v0.9.1 (*)
              │   │   ├── iroh v1.2.0 (*)
              │   │   ├── iroh-dns v1.3.0 (*)
              │   │   ├── iroh-metrics v1.0.1 (*)
              │   │   ├── iroh-relay v1.2.0 (*)
              │   │   ├── n0-dns-resolver v0.1.0 (*)
              │   │   ├── noq v1.3.0 (*)
              │   │   ├── noq-proto v1.3.0 (*)
              │   │   ├── reqwest v0.13.5 (*)
              │   │   ├── rtc v0.21.0 (*)
              │   │   ├── rtc-dtls v0.21.0 (*)
              │   │   ├── rustls-cert-reloadable-resolver v0.7.1
              │   │   │   └── iroh-relay v1.2.0 (*)
              │   │   ├── rustls-platform-verifier v0.7.0
              │   │   │   ├── iroh-metrics v1.0.1 (*)
              │   │   │   ├── noq-proto v1.3.0 (*)
              │   │   │   └── reqwest v0.13.5 (*)
              │   │   ├── tokio-rustls v0.26.4
              │   │   │   ├── hyper-rustls v0.27.7 (*)
              │   │   │   ├── iroh-relay v1.2.0 (*)
              │   │   │   ├── n0-dns-resolver v0.1.0 (*)
              │   │   │   ├── reqwest v0.13.5 (*)
              │   │   │   ├── tokio-rustls-acme v0.9.1 (*)
              │   │   │   ├── tokio-tungstenite v0.28.0
              │   │   │   │   └── rustytransfer-native v0.1.0 (*)
              │   │   │   └── tokio-websockets v0.13.3
              │   │   │       └── iroh-relay v1.2.0 (*)
              │   │   ├── tokio-rustls-acme v0.9.1 (*)
              │   │   ├── tokio-tungstenite v0.28.0 (*)
              │   │   └── tungstenite v0.28.0
              │   │       └── tokio-tungstenite v0.28.0 (*)
              │   ├── rustls-webpki v0.103.15
              │   │   ├── rustls v0.23.45 (*)
              │   │   └── rustls-platform-verifier v0.7.0 (*)
              │   ├── tokio-rustls-acme v0.9.1 (*)
              │   ├── tokio-websockets v0.13.3 (*)
              │   └── x509-parser v0.18.1
              │       ├── rcgen v0.14.10 (*)
              │       └── tokio-rustls-acme v0.9.1 (*)
              └── rustix v0.38.44
                  └── crossterm v0.28.1
                      ├── ratatui v0.29.0
                      │   ├── ratatui-explorer v0.2.1
                      │   │   └── rustytransfer v0.1.0 (*)
                      │   └── rustytransfer v0.1.0 (*)
                      └── rustytransfer v0.1.0 (*)

warning[duplicate]: found 2 duplicate entries for crate 'windows_i686_msvc'
    ┌─ /mnt/c/Users/wasil/Documents/GitHub/rustytransfer/Cargo.lock:536:1
    │  
536 │ ╭ windows_i686_msvc 0.42.2 registry+https://github.com/rust-lang/crates.io-index
537 │ │ windows_i686_msvc 0.52.6 registry+https://github.com/rust-lang/crates.io-index
    │ ╰──────────────────────────────────────────────────────────────────────────────┘ lock entries
    │  
    ├ windows_i686_msvc v0.42.2
      └── windows-targets v0.42.2
          └── windows-sys v0.45.0
              └── jni v0.21.1
                  ├── netdev v0.45.1
                  │   └── netwatch v0.19.3
                  │       └── iroh v1.2.0
                  │           ├── (dev) rustytransfer v0.1.0
                  │           └── rustytransfer-native v0.1.0
                  │               └── rustytransfer v0.1.0 (*)
                  └── netdev v0.46.3
                      └── netwatch v0.19.3 (*)
    ├ windows_i686_msvc v0.52.6
      └── windows-targets v0.52.6
          └── windows-sys v0.52.0
              ├── ring v0.17.14
              │   ├── noq-proto v1.3.0
              │   │   ├── iroh v1.2.0
              │   │   │   ├── (dev) rustytransfer v0.1.0
              │   │   │   └── rustytransfer-native v0.1.0
              │   │   │       └── rustytransfer v0.1.0 (*)
              │   │   ├── iroh-relay v1.2.0
              │   │   │   └── iroh v1.2.0 (*)
              │   │   └── noq v1.3.0
              │   │       ├── iroh v1.2.0 (*)
              │   │       └── iroh-relay v1.2.0 (*)
              │   ├── rcgen v0.14.10
              │   │   ├── iroh-relay v1.2.0 (*)
              │   │   ├── rtc v0.21.0
              │   │   │   └── webrtc v0.21.0
              │   │   │       ├── (dev) rustytransfer v0.1.0 (*)
              │   │   │       └── rustytransfer-native v0.1.0 (*)
              │   │   ├── rtc-dtls v0.21.0
              │   │   │   └── rtc v0.21.0 (*)
              │   │   └── tokio-rustls-acme v0.9.1
              │   │       └── iroh-relay v1.2.0 (*)
              │   ├── rtc-crypto v0.21.0
              │   │   ├── rtc v0.21.0 (*)
              │   │   ├── rtc-dtls v0.21.0 (*)
              │   │   ├── rtc-ice v0.21.0
              │   │   │   └── rtc v0.21.0 (*)
              │   │   ├── rtc-srtp v0.21.0
              │   │   │   └── rtc v0.21.0 (*)
              │   │   ├── rtc-stun v0.21.0
              │   │   │   ├── rtc v0.21.0 (*)
              │   │   │   ├── rtc-ice v0.21.0 (*)
              │   │   │   └── rtc-turn v0.21.0
              │   │   │       └── rtc v0.21.0 (*)
              │   │   └── rtc-turn v0.21.0 (*)
              │   ├── rustls v0.23.45
              │   │   ├── hyper-rustls v0.27.7
              │   │   │   └── reqwest v0.13.5
              │   │   │       ├── iroh v1.2.0 (*)
              │   │   │       ├── iroh-metrics v1.0.1
              │   │   │       │   ├── iroh v1.2.0 (*)
              │   │   │       │   └── iroh-relay v1.2.0 (*)
              │   │   │       ├── iroh-relay v1.2.0 (*)
              │   │   │       ├── n0-dns-resolver v0.1.0
              │   │   │       │   └── iroh-dns v1.3.0
              │   │   │       │       ├── iroh v1.2.0 (*)
              │   │   │       │       └── iroh-relay v1.2.0 (*)
              │   │   │       └── tokio-rustls-acme v0.9.1 (*)
              │   │   ├── iroh v1.2.0 (*)
              │   │   ├── iroh-dns v1.3.0 (*)
              │   │   ├── iroh-metrics v1.0.1 (*)
              │   │   ├── iroh-relay v1.2.0 (*)
              │   │   ├── n0-dns-resolver v0.1.0 (*)
              │   │   ├── noq v1.3.0 (*)
              │   │   ├── noq-proto v1.3.0 (*)
              │   │   ├── reqwest v0.13.5 (*)
              │   │   ├── rtc v0.21.0 (*)
              │   │   ├── rtc-dtls v0.21.0 (*)
              │   │   ├── rustls-cert-reloadable-resolver v0.7.1
              │   │   │   └── iroh-relay v1.2.0 (*)
              │   │   ├── rustls-platform-verifier v0.7.0
              │   │   │   ├── iroh-metrics v1.0.1 (*)
              │   │   │   ├── noq-proto v1.3.0 (*)
              │   │   │   └── reqwest v0.13.5 (*)
              │   │   ├── tokio-rustls v0.26.4
              │   │   │   ├── hyper-rustls v0.27.7 (*)
              │   │   │   ├── iroh-relay v1.2.0 (*)
              │   │   │   ├── n0-dns-resolver v0.1.0 (*)
              │   │   │   ├── reqwest v0.13.5 (*)
              │   │   │   ├── tokio-rustls-acme v0.9.1 (*)
              │   │   │   ├── tokio-tungstenite v0.28.0
              │   │   │   │   └── rustytransfer-native v0.1.0 (*)
              │   │   │   └── tokio-websockets v0.13.3
              │   │   │       └── iroh-relay v1.2.0 (*)
              │   │   ├── tokio-rustls-acme v0.9.1 (*)
              │   │   ├── tokio-tungstenite v0.28.0 (*)
              │   │   └── tungstenite v0.28.0
              │   │       └── tokio-tungstenite v0.28.0 (*)
              │   ├── rustls-webpki v0.103.15
              │   │   ├── rustls v0.23.45 (*)
              │   │   └── rustls-platform-verifier v0.7.0 (*)
              │   ├── tokio-rustls-acme v0.9.1 (*)
              │   ├── tokio-websockets v0.13.3 (*)
              │   └── x509-parser v0.18.1
              │       ├── rcgen v0.14.10 (*)
              │       └── tokio-rustls-acme v0.9.1 (*)
              └── rustix v0.38.44
                  └── crossterm v0.28.1
                      ├── ratatui v0.29.0
                      │   ├── ratatui-explorer v0.2.1
                      │   │   └── rustytransfer v0.1.0 (*)
                      │   └── rustytransfer v0.1.0 (*)
                      └── rustytransfer v0.1.0 (*)

warning[duplicate]: found 2 duplicate entries for crate 'windows_x86_64_gnu'
    ┌─ /mnt/c/Users/wasil/Documents/GitHub/rustytransfer/Cargo.lock:538:1
    │  
538 │ ╭ windows_x86_64_gnu 0.42.2 registry+https://github.com/rust-lang/crates.io-index
539 │ │ windows_x86_64_gnu 0.52.6 registry+https://github.com/rust-lang/crates.io-index
    │ ╰───────────────────────────────────────────────────────────────────────────────┘ lock entries
    │  
    ├ windows_x86_64_gnu v0.42.2
      └── windows-targets v0.42.2
          └── windows-sys v0.45.0
              └── jni v0.21.1
                  ├── netdev v0.45.1
                  │   └── netwatch v0.19.3
                  │       └── iroh v1.2.0
                  │           ├── (dev) rustytransfer v0.1.0
                  │           └── rustytransfer-native v0.1.0
                  │               └── rustytransfer v0.1.0 (*)
                  └── netdev v0.46.3
                      └── netwatch v0.19.3 (*)
    ├ windows_x86_64_gnu v0.52.6
      └── windows-targets v0.52.6
          └── windows-sys v0.52.0
              ├── ring v0.17.14
              │   ├── noq-proto v1.3.0
              │   │   ├── iroh v1.2.0
              │   │   │   ├── (dev) rustytransfer v0.1.0
              │   │   │   └── rustytransfer-native v0.1.0
              │   │   │       └── rustytransfer v0.1.0 (*)
              │   │   ├── iroh-relay v1.2.0
              │   │   │   └── iroh v1.2.0 (*)
              │   │   └── noq v1.3.0
              │   │       ├── iroh v1.2.0 (*)
              │   │       └── iroh-relay v1.2.0 (*)
              │   ├── rcgen v0.14.10
              │   │   ├── iroh-relay v1.2.0 (*)
              │   │   ├── rtc v0.21.0
              │   │   │   └── webrtc v0.21.0
              │   │   │       ├── (dev) rustytransfer v0.1.0 (*)
              │   │   │       └── rustytransfer-native v0.1.0 (*)
              │   │   ├── rtc-dtls v0.21.0
              │   │   │   └── rtc v0.21.0 (*)
              │   │   └── tokio-rustls-acme v0.9.1
              │   │       └── iroh-relay v1.2.0 (*)
              │   ├── rtc-crypto v0.21.0
              │   │   ├── rtc v0.21.0 (*)
              │   │   ├── rtc-dtls v0.21.0 (*)
              │   │   ├── rtc-ice v0.21.0
              │   │   │   └── rtc v0.21.0 (*)
              │   │   ├── rtc-srtp v0.21.0
              │   │   │   └── rtc v0.21.0 (*)
              │   │   ├── rtc-stun v0.21.0
              │   │   │   ├── rtc v0.21.0 (*)
              │   │   │   ├── rtc-ice v0.21.0 (*)
              │   │   │   └── rtc-turn v0.21.0
              │   │   │       └── rtc v0.21.0 (*)
              │   │   └── rtc-turn v0.21.0 (*)
              │   ├── rustls v0.23.45
              │   │   ├── hyper-rustls v0.27.7
              │   │   │   └── reqwest v0.13.5
              │   │   │       ├── iroh v1.2.0 (*)
              │   │   │       ├── iroh-metrics v1.0.1
              │   │   │       │   ├── iroh v1.2.0 (*)
              │   │   │       │   └── iroh-relay v1.2.0 (*)
              │   │   │       ├── iroh-relay v1.2.0 (*)
              │   │   │       ├── n0-dns-resolver v0.1.0
              │   │   │       │   └── iroh-dns v1.3.0
              │   │   │       │       ├── iroh v1.2.0 (*)
              │   │   │       │       └── iroh-relay v1.2.0 (*)
              │   │   │       └── tokio-rustls-acme v0.9.1 (*)
              │   │   ├── iroh v1.2.0 (*)
              │   │   ├── iroh-dns v1.3.0 (*)
              │   │   ├── iroh-metrics v1.0.1 (*)
              │   │   ├── iroh-relay v1.2.0 (*)
              │   │   ├── n0-dns-resolver v0.1.0 (*)
              │   │   ├── noq v1.3.0 (*)
              │   │   ├── noq-proto v1.3.0 (*)
              │   │   ├── reqwest v0.13.5 (*)
              │   │   ├── rtc v0.21.0 (*)
              │   │   ├── rtc-dtls v0.21.0 (*)
              │   │   ├── rustls-cert-reloadable-resolver v0.7.1
              │   │   │   └── iroh-relay v1.2.0 (*)
              │   │   ├── rustls-platform-verifier v0.7.0
              │   │   │   ├── iroh-metrics v1.0.1 (*)
              │   │   │   ├── noq-proto v1.3.0 (*)
              │   │   │   └── reqwest v0.13.5 (*)
              │   │   ├── tokio-rustls v0.26.4
              │   │   │   ├── hyper-rustls v0.27.7 (*)
              │   │   │   ├── iroh-relay v1.2.0 (*)
              │   │   │   ├── n0-dns-resolver v0.1.0 (*)
              │   │   │   ├── reqwest v0.13.5 (*)
              │   │   │   ├── tokio-rustls-acme v0.9.1 (*)
              │   │   │   ├── tokio-tungstenite v0.28.0
              │   │   │   │   └── rustytransfer-native v0.1.0 (*)
              │   │   │   └── tokio-websockets v0.13.3
              │   │   │       └── iroh-relay v1.2.0 (*)
              │   │   ├── tokio-rustls-acme v0.9.1 (*)
              │   │   ├── tokio-tungstenite v0.28.0 (*)
              │   │   └── tungstenite v0.28.0
              │   │       └── tokio-tungstenite v0.28.0 (*)
              │   ├── rustls-webpki v0.103.15
              │   │   ├── rustls v0.23.45 (*)
              │   │   └── rustls-platform-verifier v0.7.0 (*)
              │   ├── tokio-rustls-acme v0.9.1 (*)
              │   ├── tokio-websockets v0.13.3 (*)
              │   └── x509-parser v0.18.1
              │       ├── rcgen v0.14.10 (*)
              │       └── tokio-rustls-acme v0.9.1 (*)
              └── rustix v0.38.44
                  └── crossterm v0.28.1
                      ├── ratatui v0.29.0
                      │   ├── ratatui-explorer v0.2.1
                      │   │   └── rustytransfer v0.1.0 (*)
                      │   └── rustytransfer v0.1.0 (*)
                      └── rustytransfer v0.1.0 (*)

warning[duplicate]: found 2 duplicate entries for crate 'windows_x86_64_gnullvm'
    ┌─ /mnt/c/Users/wasil/Documents/GitHub/rustytransfer/Cargo.lock:540:1
    │  
540 │ ╭ windows_x86_64_gnullvm 0.42.2 registry+https://github.com/rust-lang/crates.io-index
541 │ │ windows_x86_64_gnullvm 0.52.6 registry+https://github.com/rust-lang/crates.io-index
    │ ╰───────────────────────────────────────────────────────────────────────────────────┘ lock entries
    │  
    ├ windows_x86_64_gnullvm v0.42.2
      └── windows-targets v0.42.2
          └── windows-sys v0.45.0
              └── jni v0.21.1
                  ├── netdev v0.45.1
                  │   └── netwatch v0.19.3
                  │       └── iroh v1.2.0
                  │           ├── (dev) rustytransfer v0.1.0
                  │           └── rustytransfer-native v0.1.0
                  │               └── rustytransfer v0.1.0 (*)
                  └── netdev v0.46.3
                      └── netwatch v0.19.3 (*)
    ├ windows_x86_64_gnullvm v0.52.6
      └── windows-targets v0.52.6
          └── windows-sys v0.52.0
              ├── ring v0.17.14
              │   ├── noq-proto v1.3.0
              │   │   ├── iroh v1.2.0
              │   │   │   ├── (dev) rustytransfer v0.1.0
              │   │   │   └── rustytransfer-native v0.1.0
              │   │   │       └── rustytransfer v0.1.0 (*)
              │   │   ├── iroh-relay v1.2.0
              │   │   │   └── iroh v1.2.0 (*)
              │   │   └── noq v1.3.0
              │   │       ├── iroh v1.2.0 (*)
              │   │       └── iroh-relay v1.2.0 (*)
              │   ├── rcgen v0.14.10
              │   │   ├── iroh-relay v1.2.0 (*)
              │   │   ├── rtc v0.21.0
              │   │   │   └── webrtc v0.21.0
              │   │   │       ├── (dev) rustytransfer v0.1.0 (*)
              │   │   │       └── rustytransfer-native v0.1.0 (*)
              │   │   ├── rtc-dtls v0.21.0
              │   │   │   └── rtc v0.21.0 (*)
              │   │   └── tokio-rustls-acme v0.9.1
              │   │       └── iroh-relay v1.2.0 (*)
              │   ├── rtc-crypto v0.21.0
              │   │   ├── rtc v0.21.0 (*)
              │   │   ├── rtc-dtls v0.21.0 (*)
              │   │   ├── rtc-ice v0.21.0
              │   │   │   └── rtc v0.21.0 (*)
              │   │   ├── rtc-srtp v0.21.0
              │   │   │   └── rtc v0.21.0 (*)
              │   │   ├── rtc-stun v0.21.0
              │   │   │   ├── rtc v0.21.0 (*)
              │   │   │   ├── rtc-ice v0.21.0 (*)
              │   │   │   └── rtc-turn v0.21.0
              │   │   │       └── rtc v0.21.0 (*)
              │   │   └── rtc-turn v0.21.0 (*)
              │   ├── rustls v0.23.45
              │   │   ├── hyper-rustls v0.27.7
              │   │   │   └── reqwest v0.13.5
              │   │   │       ├── iroh v1.2.0 (*)
              │   │   │       ├── iroh-metrics v1.0.1
              │   │   │       │   ├── iroh v1.2.0 (*)
              │   │   │       │   └── iroh-relay v1.2.0 (*)
              │   │   │       ├── iroh-relay v1.2.0 (*)
              │   │   │       ├── n0-dns-resolver v0.1.0
              │   │   │       │   └── iroh-dns v1.3.0
              │   │   │       │       ├── iroh v1.2.0 (*)
              │   │   │       │       └── iroh-relay v1.2.0 (*)
              │   │   │       └── tokio-rustls-acme v0.9.1 (*)
              │   │   ├── iroh v1.2.0 (*)
              │   │   ├── iroh-dns v1.3.0 (*)
              │   │   ├── iroh-metrics v1.0.1 (*)
              │   │   ├── iroh-relay v1.2.0 (*)
              │   │   ├── n0-dns-resolver v0.1.0 (*)
              │   │   ├── noq v1.3.0 (*)
              │   │   ├── noq-proto v1.3.0 (*)
              │   │   ├── reqwest v0.13.5 (*)
              │   │   ├── rtc v0.21.0 (*)
              │   │   ├── rtc-dtls v0.21.0 (*)
              │   │   ├── rustls-cert-reloadable-resolver v0.7.1
              │   │   │   └── iroh-relay v1.2.0 (*)
              │   │   ├── rustls-platform-verifier v0.7.0
              │   │   │   ├── iroh-metrics v1.0.1 (*)
              │   │   │   ├── noq-proto v1.3.0 (*)
              │   │   │   └── reqwest v0.13.5 (*)
              │   │   ├── tokio-rustls v0.26.4
              │   │   │   ├── hyper-rustls v0.27.7 (*)
              │   │   │   ├── iroh-relay v1.2.0 (*)
              │   │   │   ├── n0-dns-resolver v0.1.0 (*)
              │   │   │   ├── reqwest v0.13.5 (*)
              │   │   │   ├── tokio-rustls-acme v0.9.1 (*)
              │   │   │   ├── tokio-tungstenite v0.28.0
              │   │   │   │   └── rustytransfer-native v0.1.0 (*)
              │   │   │   └── tokio-websockets v0.13.3
              │   │   │       └── iroh-relay v1.2.0 (*)
              │   │   ├── tokio-rustls-acme v0.9.1 (*)
              │   │   ├── tokio-tungstenite v0.28.0 (*)
              │   │   └── tungstenite v0.28.0
              │   │       └── tokio-tungstenite v0.28.0 (*)
              │   ├── rustls-webpki v0.103.15
              │   │   ├── rustls v0.23.45 (*)
              │   │   └── rustls-platform-verifier v0.7.0 (*)
              │   ├── tokio-rustls-acme v0.9.1 (*)
              │   ├── tokio-websockets v0.13.3 (*)
              │   └── x509-parser v0.18.1
              │       ├── rcgen v0.14.10 (*)
              │       └── tokio-rustls-acme v0.9.1 (*)
              └── rustix v0.38.44
                  └── crossterm v0.28.1
                      ├── ratatui v0.29.0
                      │   ├── ratatui-explorer v0.2.1
                      │   │   └── rustytransfer v0.1.0 (*)
                      │   └── rustytransfer v0.1.0 (*)
                      └── rustytransfer v0.1.0 (*)

warning[duplicate]: found 2 duplicate entries for crate 'windows_x86_64_msvc'
    ┌─ /mnt/c/Users/wasil/Documents/GitHub/rustytransfer/Cargo.lock:542:1
    │  
542 │ ╭ windows_x86_64_msvc 0.42.2 registry+https://github.com/rust-lang/crates.io-index
543 │ │ windows_x86_64_msvc 0.52.6 registry+https://github.com/rust-lang/crates.io-index
    │ ╰────────────────────────────────────────────────────────────────────────────────┘ lock entries
    │  
    ├ windows_x86_64_msvc v0.42.2
      └── windows-targets v0.42.2
          └── windows-sys v0.45.0
              └── jni v0.21.1
                  ├── netdev v0.45.1
                  │   └── netwatch v0.19.3
                  │       └── iroh v1.2.0
                  │           ├── (dev) rustytransfer v0.1.0
                  │           └── rustytransfer-native v0.1.0
                  │               └── rustytransfer v0.1.0 (*)
                  └── netdev v0.46.3
                      └── netwatch v0.19.3 (*)
    ├ windows_x86_64_msvc v0.52.6
      └── windows-targets v0.52.6
          └── windows-sys v0.52.0
              ├── ring v0.17.14
              │   ├── noq-proto v1.3.0
              │   │   ├── iroh v1.2.0
              │   │   │   ├── (dev) rustytransfer v0.1.0
              │   │   │   └── rustytransfer-native v0.1.0
              │   │   │       └── rustytransfer v0.1.0 (*)
              │   │   ├── iroh-relay v1.2.0
              │   │   │   └── iroh v1.2.0 (*)
              │   │   └── noq v1.3.0
              │   │       ├── iroh v1.2.0 (*)
              │   │       └── iroh-relay v1.2.0 (*)
              │   ├── rcgen v0.14.10
              │   │   ├── iroh-relay v1.2.0 (*)
              │   │   ├── rtc v0.21.0
              │   │   │   └── webrtc v0.21.0
              │   │   │       ├── (dev) rustytransfer v0.1.0 (*)
              │   │   │       └── rustytransfer-native v0.1.0 (*)
              │   │   ├── rtc-dtls v0.21.0
              │   │   │   └── rtc v0.21.0 (*)
              │   │   └── tokio-rustls-acme v0.9.1
              │   │       └── iroh-relay v1.2.0 (*)
              │   ├── rtc-crypto v0.21.0
              │   │   ├── rtc v0.21.0 (*)
              │   │   ├── rtc-dtls v0.21.0 (*)
              │   │   ├── rtc-ice v0.21.0
              │   │   │   └── rtc v0.21.0 (*)
              │   │   ├── rtc-srtp v0.21.0
              │   │   │   └── rtc v0.21.0 (*)
              │   │   ├── rtc-stun v0.21.0
              │   │   │   ├── rtc v0.21.0 (*)
              │   │   │   ├── rtc-ice v0.21.0 (*)
              │   │   │   └── rtc-turn v0.21.0
              │   │   │       └── rtc v0.21.0 (*)
              │   │   └── rtc-turn v0.21.0 (*)
              │   ├── rustls v0.23.45
              │   │   ├── hyper-rustls v0.27.7
              │   │   │   └── reqwest v0.13.5
              │   │   │       ├── iroh v1.2.0 (*)
              │   │   │       ├── iroh-metrics v1.0.1
              │   │   │       │   ├── iroh v1.2.0 (*)
              │   │   │       │   └── iroh-relay v1.2.0 (*)
              │   │   │       ├── iroh-relay v1.2.0 (*)
              │   │   │       ├── n0-dns-resolver v0.1.0
              │   │   │       │   └── iroh-dns v1.3.0
              │   │   │       │       ├── iroh v1.2.0 (*)
              │   │   │       │       └── iroh-relay v1.2.0 (*)
              │   │   │       └── tokio-rustls-acme v0.9.1 (*)
              │   │   ├── iroh v1.2.0 (*)
              │   │   ├── iroh-dns v1.3.0 (*)
              │   │   ├── iroh-metrics v1.0.1 (*)
              │   │   ├── iroh-relay v1.2.0 (*)
              │   │   ├── n0-dns-resolver v0.1.0 (*)
              │   │   ├── noq v1.3.0 (*)
              │   │   ├── noq-proto v1.3.0 (*)
              │   │   ├── reqwest v0.13.5 (*)
              │   │   ├── rtc v0.21.0 (*)
              │   │   ├── rtc-dtls v0.21.0 (*)
              │   │   ├── rustls-cert-reloadable-resolver v0.7.1
              │   │   │   └── iroh-relay v1.2.0 (*)
              │   │   ├── rustls-platform-verifier v0.7.0
              │   │   │   ├── iroh-metrics v1.0.1 (*)
              │   │   │   ├── noq-proto v1.3.0 (*)
              │   │   │   └── reqwest v0.13.5 (*)
              │   │   ├── tokio-rustls v0.26.4
              │   │   │   ├── hyper-rustls v0.27.7 (*)
              │   │   │   ├── iroh-relay v1.2.0 (*)
              │   │   │   ├── n0-dns-resolver v0.1.0 (*)
              │   │   │   ├── reqwest v0.13.5 (*)
              │   │   │   ├── tokio-rustls-acme v0.9.1 (*)
              │   │   │   ├── tokio-tungstenite v0.28.0
              │   │   │   │   └── rustytransfer-native v0.1.0 (*)
              │   │   │   └── tokio-websockets v0.13.3
              │   │   │       └── iroh-relay v1.2.0 (*)
              │   │   ├── tokio-rustls-acme v0.9.1 (*)
              │   │   ├── tokio-tungstenite v0.28.0 (*)
              │   │   └── tungstenite v0.28.0
              │   │       └── tokio-tungstenite v0.28.0 (*)
              │   ├── rustls-webpki v0.103.15
              │   │   ├── rustls v0.23.45 (*)
              │   │   └── rustls-platform-verifier v0.7.0 (*)
              │   ├── tokio-rustls-acme v0.9.1 (*)
              │   ├── tokio-websockets v0.13.3 (*)
              │   └── x509-parser v0.18.1
              │       ├── rcgen v0.14.10 (*)
              │       └── tokio-rustls-acme v0.9.1 (*)
              └── rustix v0.38.44
                  └── crossterm v0.28.1
                      ├── ratatui v0.29.0
                      │   ├── ratatui-explorer v0.2.1
                      │   │   └── rustytransfer v0.1.0 (*)
                      │   └── rustytransfer v0.1.0 (*)
                      └── rustytransfer v0.1.0 (*)

warning[duplicate]: found 2 duplicate entries for crate 'x509-parser'
    ┌─ /mnt/c/Users/wasil/Documents/GitHub/rustytransfer/Cargo.lock:549:1
    │  
549 │ ╭ x509-parser 0.16.0 registry+https://github.com/rust-lang/crates.io-index
550 │ │ x509-parser 0.18.1 registry+https://github.com/rust-lang/crates.io-index
    │ ╰────────────────────────────────────────────────────────────────────────┘ lock entries
    │  
    ├ x509-parser v0.16.0
      ├── rtc v0.21.0
      │   └── webrtc v0.21.0
      │       ├── (dev) rustytransfer v0.1.0
      │       └── rustytransfer-native v0.1.0
      │           └── rustytransfer v0.1.0 (*)
      └── rtc-dtls v0.21.0
          └── rtc v0.21.0 (*)
    ├ x509-parser v0.18.1
      ├── rcgen v0.14.10
      │   ├── iroh-relay v1.2.0
      │   │   └── iroh v1.2.0
      │   │       ├── (dev) rustytransfer v0.1.0
      │   │       └── rustytransfer-native v0.1.0
      │   │           └── rustytransfer v0.1.0 (*)
      │   ├── rtc v0.21.0
      │   │   └── webrtc v0.21.0
      │   │       ├── (dev) rustytransfer v0.1.0 (*)
      │   │       └── rustytransfer-native v0.1.0 (*)
      │   ├── rtc-dtls v0.21.0
      │   │   └── rtc v0.21.0 (*)
      │   └── tokio-rustls-acme v0.9.1
      │       └── iroh-relay v1.2.0 (*)
      └── tokio-rustls-acme v0.9.1 (*)

